,Date,Visitor,Visitor G,Home,Home G,Visitor Open,Visitor Best,Home Open,Home Best
0,2022-10-07,San Jose Sharks,1,Nashville Predators,4,+145,+170,-177,-200
1,2022-10-07,Buffalo Sabres,1,Pittsburgh Penguins,7,+165,+255,-227,-325
2,2022-10-07,Toronto Maple Leafs,2,Detroit Red Wings,4,+130,+195,-165,-245
3,2022-10-07,Seattle Kraken,3,Edmonton Oilers,5,+140,+175,-189,-215
4,2022-10-07,Winnipeg Jets,5,Calgary Flames,3,+145,+180,-200,-220
5,2022-10-07,Arizona Coyotes,0,Vancouver Canucks,4,+163,+255,-227,-330
0,2022-10-08,Nashville Predators,3,San Jose Sharks,2,-177,-175,+142,+150
1,2022-10-08,Chicago Blackhawks,0,St. Louis Blues,6,+200,+255,-286,-325
2,2022-10-08,Anaheim Ducks,3,Los Angeles Kings,6,+140,+160,-189,-195
3,2022-10-08,Florida Panthers,2,Tampa Bay Lightning,5,-105,+120,-125,-140
4,2022-10-08,Dallas Stars,1,Minnesota Wild,5,+130,+155,-175,-185
5,2022-10-08,Montréal Canadiens,2,Ottawa Senators,3,+140,-135,-189,+115
6,2022-10-08,Detroit Red Wings,1,Toronto Maple Leafs,5,+230,+335,-333,-445
7,2022-10-08,New Jersey Devils,5,Boston Bruins,3,+150,+130,-200,-155
8,2022-10-08,Columbus Blue Jackets,3,Washington Capitals,4,+140,+150,-189,-180
9,2022-10-08,New York Rangers,1,New York Islanders,3,-118,-110,-118,-110
10,2022-10-08,Arizona Coyotes,1,Vegas Golden Knights,5,+200,+255,-286,-325
0,2022-10-11,Tampa Bay Lightning,1,New York Rangers,3,-102,+110,-120,-120
1,2022-10-11,Vegas Golden Knights,4,Los Angeles Kings,3,-102,+100,-120,-115
0,2022-10-12,Boston Bruins,5,Washington Capitals,2,+113,+122,-137,-135
1,2022-10-12,Toronto Maple Leafs,3,Montréal Canadiens,4,-227,-245,+182,+215
2,2022-10-12,Columbus Blue Jackets,1,Carolina Hurricanes,4,+177,+235,-223,-275
3,2022-10-12,Chicago Blackhawks,2,Colorado Avalanche,5,+307,+330,-407,-400
4,2022-10-12,Seattle Kraken,4,Anaheim Ducks,5,+106,-105,-130,-115
5,2022-10-12,Vancouver Canucks,3,Edmonton Oilers,5,+145,+160,-176,-190
0,2022-10-13,Ottawa Senators,1,Buffalo Sabres,4,+105,-120,-133,+105
1,2022-10-13,New Jersey Devils,2,Philadelphia Flyers,5,-111,-125,-111,+105
2,2022-10-13,Arizona Coyotes,2,Pittsburgh Penguins,6,+280,+320,-400,-375
3,2022-10-13,Florida Panthers,3,New York Islanders,1,-111,-145,-111,+122
4,2022-10-13,Washington Capitals,2,Toronto Maple Leafs,3,+130,+180,-167,-205
5,2022-10-13,New York Rangers,7,Minnesota Wild,3,+135,+115,-168,-125
6,2022-10-13,Dallas Stars,4,Nashville Predators,1,+110,+115,-139,-130
7,2022-10-13,Colorado Avalanche,3,Calgary Flames,5,-105,+118,-118,-135
8,2022-10-13,Chicago Blackhawks,0,Vegas Golden Knights,1,+240,+285,-333,-350
9,2022-10-13,Seattle Kraken,4,Los Angeles Kings,1,+130,+150,-167,-178
0,2022-10-14,Montréal Canadiens,0,Detroit Red Wings,3,+123,+140,-153,-165
1,2022-10-14,Tampa Bay Lightning,5,Columbus Blue Jackets,2,-175,-200,+140,+180
2,2022-10-14,New York Rangers,1,Winnipeg Jets,4,-105,+125,-116,-145
3,2022-10-14,Carolina Hurricanes,2,San Jose Sharks,1,-175,-190,+138,+162
0,2022-10-15,Florida Panthers,4,Buffalo Sabres,3,-194,-190,+160,+160
1,2022-10-15,Vancouver Canucks,2,Philadelphia Flyers,3,-104,-165,-115,+145
2,2022-10-15,Ottawa Senators,2,Toronto Maple Leafs,3,+146,+196,-176,-225
3,2022-10-15,Arizona Coyotes,3,Boston Bruins,6,+255,+278,-320,-350
4,2022-10-15,Montréal Canadiens,1,Washington Capitals,3,+220,+240,-275,-300
5,2022-10-15,Detroit Red Wings,5,New Jersey Devils,2,+136,+150,-164,-175
6,2022-10-15,Tampa Bay Lightning,2,Pittsburgh Penguins,6,-108,+148,-111,-175
7,2022-10-15,Anaheim Ducks,1,New York Islanders,7,+150,+143,-186,-165
8,2022-10-15,Nashville Predators,1,Dallas Stars,5,-118,+105,-102,-125
9,2022-10-15,Los Angeles Kings,7,Minnesota Wild,6,+158,+150,-194,-175
10,2022-10-15,Columbus Blue Jackets,2,St. Louis Blues,5,+184,+215,-225,-250
11,2022-10-15,Calgary Flames,4,Edmonton Oilers,3,+118,+115,-143,-130
12,2022-10-15,Chicago Blackhawks,5,San Jose Sharks,2,+140,+118,-175,-135
13,2022-10-15,Vegas Golden Knights,5,Seattle Kraken,2,-143,-130,+118,+110
0,2022-10-17,Los Angeles Kings,5,Detroit Red Wings,4,-105,-135,-115,+125
1,2022-10-17,Arizona Coyotes,4,Toronto Maple Leafs,2,+320,+400,-425,-405
2,2022-10-17,Pittsburgh Penguins,2,Montréal Canadiens,3,-245,-245,+195,+210
3,2022-10-17,Anaheim Ducks,4,New York Rangers,6,+160,+205,-195,-250
4,2022-10-17,Florida Panthers,3,Boston Bruins,5,-130,-135,+110,+122
5,2022-10-17,Vancouver Canucks,4,Washington Capitals,6,+120,+115,-140,-135
6,2022-10-17,Colorado Avalanche,6,Minnesota Wild,3,-110,-115,-110,+105
7,2022-10-17,Winnipeg Jets,1,Dallas Stars,4,+100,+122,-120,-145
8,2022-10-17,Carolina Hurricanes,5,Seattle Kraken,1,-160,-175,+135,+150
0,2022-10-18,Philadelphia Flyers,3,Tampa Bay Lightning,2,+205,+250,-250,-300
1,2022-10-18,Boston Bruins,5,Ottawa Senators,7,+102,+115,-122,-135
2,2022-10-18,Vancouver Canucks,3,Columbus Blue Jackets,4,-103,-110,-120,-105
3,2022-10-18,Anaheim Ducks,2,New Jersey Devils,4,+150,+162,-186,-185
4,2022-10-18,San Jose Sharks,2,New York Islanders,5,+160,+165,-195,-195
5,2022-10-18,Buffalo Sabres,4,Edmonton Oilers,2,+225,+192,-278,-225
6,2022-10-18,Vegas Golden Knights,2,Calgary Flames,3,+128,+140,-157,-160
7,2022-10-18,Los Angeles Kings,4,Nashville Predators,3,+125,+150,-152,-170
0,2022-10-19,Philadelphia Flyers,3,Florida Panthers,4,+265,+285,-335,-350
1,2022-10-19,Winnipeg Jets,4,Colorado Avalanche,3,+190,+205,-240,-225
2,2022-10-19,St. Louis Blues,4,Seattle Kraken,3,-157,-130,+130,+115
0,2022-10-20,Los Angeles Kings,1,Pittsburgh Penguins,6,+150,+165,-182,-195
1,2022-10-20,Anaheim Ducks,1,Boston Bruins,2,+163,+180,-200,-210
2,2022-10-20,Dallas Stars,2,Toronto Maple Leafs,3,+146,+158,-176,-185
3,2022-10-20,San Jose Sharks,3,New York Rangers,2,+200,+240,-250,-292
4,2022-10-20,Arizona Coyotes,2,Montréal Canadiens,6,+135,+150,-165,-178
5,2022-10-20,Washington Capitals,2,Ottawa Senators,5,-130,-110,+108,-110
6,2022-10-20,Nashville Predators,3,Columbus Blue Jackets,5,-114,-130,-106,+110
7,2022-10-20,New Jersey Devils,4,New York Islanders,1,+120,+130,-143,-150
8,2022-10-20,Vancouver Canucks,3,Minnesota Wild,4,+151,+152,-184,-180
9,2022-10-20,Carolina Hurricanes,4,Edmonton Oilers,6,+100,-105,-121,-115
10,2022-10-20,Buffalo Sabres,6,Calgary Flames,3,+225,+240,-286,-292
11,2022-10-20,Winnipeg Jets,2,Vegas Golden Knights,5,+160,+196,-195,-225
0,2022-10-21,Tampa Bay Lightning,3,Florida Panthers,2,-110,-105,-111,-115
1,2022-10-21,Detroit Red Wings,3,Chicago Blackhawks,4,-134,-115,+112,+100
2,2022-10-21,Seattle Kraken,3,Colorado Avalanche,2,+280,+200,-360,-235
0,2022-10-22,Minnesota Wild,3,Boston Bruins,4,+114,-110,-137,-110
1,2022-10-22,San Jose Sharks,1,New Jersey Devils,2,+134,+175,-162,-200
2,2022-10-22,Arizona Coyotes,2,Ottawa Senators,6,+170,+205,-210,-245
3,2022-10-22,St. Louis Blues,2,Edmonton Oilers,0,+114,+135,-137,-155
4,2022-10-22,Los Angeles Kings,3,Washington Capitals,4,+140,+115,-170,-130
5,2022-10-22,Toronto Maple Leafs,4,Winnipeg Jets,1,-137,-155,+114,+145
6,2022-10-22,Dallas Stars,5,Montréal Canadiens,2,-140,-175,+116,+150
7,2022-10-22,New York Islanders,3,Tampa Bay Lightning,5,+139,+115,-168,-130
8,2022-10-22,Pittsburgh Penguins,6,Columbus Blue Jackets,3,-157,-155,+130,+140
9,2022-10-22,Philadelphia Flyers,3,Nashville Predators,1,+146,+180,-176,-205
10,2022-10-22,Buffalo Sabres,5,Vancouver Canucks,1,+142,+135,-172,-160
11,2022-10-22,Carolina Hurricanes,2,Calgary Flames,3,+110,+130,-132,-145
12,2022-10-22,Colorado Avalanche,3,Vegas Golden Knights,2,-107,+110,-113,-125
0,2022-10-23,Seattle Kraken,4,Chicago Blackhawks,5,-118,-135,-102,+115
1,2022-10-23,New York Islanders,2,Florida Panthers,3,+142,+170,-172,-190
2,2022-10-23,Anaheim Ducks,1,Detroit Red Wings,5,+134,+110,-162,-130
3,2022-10-23,Columbus Blue Jackets,5,New York Rangers,1,+138,+230,-166,-267
4,2022-10-23,San Jose Sharks,3,Philadelphia Flyers,0,+120,+110,-144,-125
0,2022-10-24,Dallas Stars,2,Ottawa Senators,4,-113,+100,-107,-120
1,2022-10-24,Washington Capitals,6,New Jersey Devils,3,+107,+115,-130,-130
2,2022-10-24,St. Louis Blues,0,Winnipeg Jets,4,-122,-105,+102,-115
3,2022-10-24,Pittsburgh Penguins,3,Edmonton Oilers,6,+104,+115,-125,-135
4,2022-10-24,Toronto Maple Leafs,1,Vegas Golden Knights,3,-105,-110,-115,-110
5,2022-10-24,Carolina Hurricanes,3,Vancouver Canucks,2,-127,-160,+105,+145
0,2022-10-25,New Jersey Devils,6,Detroit Red Wings,2,+106,-105,-129,-110
1,2022-10-25,Minnesota Wild,3,Montréal Canadiens,1,-165,-200,+135,+175
2,2022-10-25,Dallas Stars,1,Boston Bruins,3,+125,+150,-152,-175
3,2022-10-25,Arizona Coyotes,6,Columbus Blue Jackets,3,+190,+185,-235,-225
4,2022-10-25,Colorado Avalanche,3,New York Rangers,2,+100,-110,-121,-110
5,2022-10-25,Florida Panthers,2,Chicago Blackhawks,4,-210,-250,+170,+205
6,2022-10-25,Pittsburgh Penguins,1,Calgary Flames,4,+135,+170,-165,-190
7,2022-10-25,Buffalo Sabres,1,Seattle Kraken,5,+100,+118,-121,-130
8,2022-10-25,Vegas Golden Knights,4,San Jose Sharks,2,-165,-165,+135,+140
9,2022-10-25,Tampa Bay Lightning,2,Los Angeles Kings,4,-114,-135,-107,+118
0,2022-10-26,New York Rangers,0,New York Islanders,3,-105,+135,-115,-145
1,2022-10-26,Edmonton Oilers,3,St. Louis Blues,1,+102,-115,-122,-105
2,2022-10-26,Tampa Bay Lightning,4,Anaheim Ducks,2,-162,-145,+133,+125
0,2022-10-27,Detroit Red Wings,1,Boston Bruins,5,+180,+210,-220,-250
1,2022-10-27,Minnesota Wild,4,Ottawa Senators,2,-110,-130,-110,+110
2,2022-10-27,Florida Panthers,3,Philadelphia Flyers,4,-205,-210,+169,+175
3,2022-10-27,Montréal Canadiens,3,Buffalo Sabres,2,+132,+158,-160,-190
4,2022-10-27,St. Louis Blues,2,Nashville Predators,6,+114,+150,-137,-170
5,2022-10-27,Edmonton Oilers,6,Chicago Blackhawks,5,-172,-210,+142,+180
6,2022-10-27,Washington Capitals,0,Dallas Stars,2,+105,+105,-126,-120
7,2022-10-27,Vancouver Canucks,5,Seattle Kraken,4,+106,+110,-128,-125
8,2022-10-27,Toronto Maple Leafs,3,San Jose Sharks,4,-210,-225,+172,+185
9,2022-10-27,Winnipeg Jets,6,Los Angeles Kings,4,+112,+122,-134,-135
0,2022-10-28,Anaheim Ducks,0,Vegas Golden Knights,4,+265,+230,-335,-278
1,2022-10-28,New York Islanders,6,Carolina Hurricanes,2,+162,+160,-196,-180
2,2022-10-28,Colorado Avalanche,0,New Jersey Devils,1,-162,-125,+136,+105
3,2022-10-28,Boston Bruins,4,Columbus Blue Jackets,0,-170,-145,+140,+125
4,2022-10-28,Pittsburgh Penguins,1,Vancouver Canucks,5,-156,-190,+130,+170
5,2022-10-28,Winnipeg Jets,3,Arizona Coyotes,2,-184,-155,+152,+130
0,2022-10-29,New York Rangers,6,Dallas Stars,3,+100,-115,-120,-105
1,2022-10-29,Ottawa Senators,3,Florida Panthers,5,+168,+170,-205,-195
2,2022-10-29,Tampa Bay Lightning,4,San Jose Sharks,3,-194,-200,+158,+170
3,2022-10-29,Montréal Canadiens,7,St. Louis Blues,4,+270,+205,-345,-175
4,2022-10-29,Minnesota Wild,1,Detroit Red Wings,2,-137,-155,+114,+135
5,2022-10-29,Carolina Hurricanes,4,Philadelphia Flyers,3,-184,-190,+152,+162
6,2022-10-29,Toronto Maple Leafs,2,Los Angeles Kings,4,-178,-140,+146,+125
7,2022-10-29,Chicago Blackhawks,3,Buffalo Sabres,4,+146,+158,-178,-175
8,2022-10-29,Colorado Avalanche,4,New York Islanders,5,-137,-135,+114,+115
9,2022-10-29,Washington Capitals,3,Nashville Predators,0,-110,+115,-110,-130
10,2022-10-29,Edmonton Oilers,3,Calgary Flames,2,+114,+135,-137,-150
11,2022-10-29,Pittsburgh Penguins,1,Seattle Kraken,3,-178,-120,+146,+110
0,2022-10-30,Columbus Blue Jackets,1,New Jersey Devils,7,+136,+170,-164,-205
1,2022-10-30,Minnesota Wild,4,Chicago Blackhawks,3,-178,-230,+146,+195
2,2022-10-30,New York Rangers,3,Arizona Coyotes,2,-194,-235,+160,+205
3,2022-10-30,Winnipeg Jets,1,Vegas Golden Knights,2,+164,+165,-200,-180
4,2022-10-30,Toronto Maple Leafs,3,Anaheim Ducks,4,-176,-175,+146,+158
0,2022-10-31,Washington Capitals,2,Carolina Hurricanes,3,+146,+170,-176,-200
1,2022-10-31,Detroit Red Wings,3,Buffalo Sabres,8,+111,+135,-135,-150
2,2022-10-31,Los Angeles Kings,5,St. Louis Blues,1,+146,+105,-178,-125
0,2022-11-01,Philadelphia Flyers,0,New York Rangers,1,+198,+210,-245,-235
1,2022-11-01,Ottawa Senators,3,Tampa Bay Lightning,4,+230,+165,-285,-190
2,2022-11-01,Vegas Golden Knights,3,Washington Capitals,2,+105,-160,-126,+150
3,2022-11-01,Boston Bruins,6,Pittsburgh Penguins,5,+105,+105,-126,-120
4,2022-11-01,Montréal Canadiens,1,Minnesota Wild,4,+220,+205,-275,-245
5,2022-11-01,New York Islanders,3,Chicago Blackhawks,1,-176,-185,+146,+162
6,2022-11-01,Los Angeles Kings,2,Dallas Stars,5,+114,+115,-137,-135
7,2022-11-01,Seattle Kraken,5,Calgary Flames,4,+158,+192,-194,-225
8,2022-11-01,Nashville Predators,4,Edmonton Oilers,7,+138,+150,-166,-165
9,2022-11-01,New Jersey Devils,5,Vancouver Canucks,2,+100,-115,-120,+100
10,2022-11-01,Florida Panthers,1,Arizona Coyotes,3,-230,-300,+188,+240
11,2022-11-01,Anaheim Ducks,6,San Jose Sharks,5,+120,+110,-144,-125
0,2022-11-02,Philadelphia Flyers,2,Toronto Maple Leafs,5,+225,+250,-280,-300
1,2022-11-02,Pittsburgh Penguins,3,Buffalo Sabres,6,-150,-115,+125,+100
0,2022-11-03,Washington Capitals,1,Detroit Red Wings,3,-162,-125,+134,+105
1,2022-11-03,Vegas Golden Knights,5,Ottawa Senators,4,-143,-145,+118,+122
2,2022-11-03,Carolina Hurricanes,4,Tampa Bay Lightning,3,+122,-105,-146,-110
3,2022-11-03,Boston Bruins,5,New York Rangers,2,+102,+115,-124,-135
4,2022-11-03,Seattle Kraken,4,Minnesota Wild,0,+195,+145,-240,-170
5,2022-11-03,Montréal Canadiens,2,Winnipeg Jets,3,+150,+180,-182,-210
6,2022-11-03,New York Islanders,5,St. Louis Blues,2,+110,-105,-132,-115
7,2022-11-03,Los Angeles Kings,1,Chicago Blackhawks,2,-146,-175,+122,+150
8,2022-11-03,Nashville Predators,4,Calgary Flames,1,+139,+215,-166,-245
9,2022-11-03,New Jersey Devils,4,Edmonton Oilers,3,+136,+140,-164,-160
10,2022-11-03,Anaheim Ducks,5,Vancouver Canucks,8,+135,+145,-165,-170
11,2022-11-03,Dallas Stars,7,Arizona Coyotes,2,-192,-225,+158,+192
12,2022-11-03,Florida Panthers,4,San Jose Sharks,3,-210,-205,+170,+180
0,2022-11-04,Columbus Blue Jackets,3,Colorado Avalanche,6,+150,+215,-186,-250
1,2022-11-04,Buffalo Sabres,3,Carolina Hurricanes,5,+205,+175,-255,-210
0,2022-11-05,New York Islanders,0,Detroit Red Wings,3,-120,-125,+100,+115
1,2022-11-05,Colorado Avalanche,5,Columbus Blue Jackets,1,-194,-235,+160,+210
2,2022-11-05,Chicago Blackhawks,0,Winnipeg Jets,4,+180,+195,-220,-235
3,2022-11-05,Dallas Stars,6,Edmonton Oilers,2,+146,+140,-178,-160
4,2022-11-05,Philadelphia Flyers,2,Ottawa Senators,1,+140,+160,-170,-185
5,2022-11-05,Vegas Golden Knights,6,Montréal Canadiens,4,-192,-205,+158,+175
6,2022-11-05,Buffalo Sabres,3,Tampa Bay Lightning,5,+210,+210,-260,-250
7,2022-11-05,Boston Bruins,1,Toronto Maple Leafs,2,+108,+115,-130,-125
8,2022-11-05,Seattle Kraken,3,Pittsburgh Penguins,2,+210,+175,-260,-200
9,2022-11-05,Arizona Coyotes,3,Washington Capitals,2,+265,+240,-335,-300
10,2022-11-05,Nashville Predators,4,Vancouver Canucks,3,+114,+100,-137,-120
11,2022-11-05,New Jersey Devils,4,Calgary Flames,3,+146,+145,-178,-170
12,2022-11-05,Florida Panthers,4,Los Angeles Kings,5,-200,-120,+164,+105
13,2022-11-05,Anaheim Ducks,5,San Jose Sharks,4,+122,+120,-146,-135
0,2022-11-06,Toronto Maple Leafs,3,Carolina Hurricanes,1,+118,+145,-142,-165
1,2022-11-06,Detroit Red Wings,3,New York Rangers,2,+195,+192,-240,-235
2,2022-11-06,Florida Panthers,5,Anaheim Ducks,3,-215,-185,+176,+162
0,2022-11-07,St. Louis Blues,1,Boston Bruins,3,+152,+170,-184,-190
1,2022-11-07,Calgary Flames,3,New York Islanders,4,-110,-125,-110,+110
2,2022-11-07,Edmonton Oilers,4,Washington Capitals,5,-110,-160,-110,+143
0,2022-11-08,Montréal Canadiens,3,Detroit Red Wings,2,+150,+140,-182,-165
1,2022-11-08,St. Louis Blues,1,Philadelphia Flyers,5,-128,-125,+106,+110
2,2022-11-08,Arizona Coyotes,4,Buffalo Sabres,1,+155,+196,-188,-240
3,2022-11-08,New York Islanders,4,New York Rangers,3,+118,+145,-142,-170
4,2022-11-08,Calgary Flames,2,New Jersey Devils,3,-120,+120,+100,-140
5,2022-11-08,Vegas Golden Knights,4,Toronto Maple Leafs,3,+116,-105,-140,-115
6,2022-11-08,Vancouver Canucks,6,Ottawa Senators,4,+114,+105,-137,-120
7,2022-11-08,Edmonton Oilers,3,Tampa Bay Lightning,2,+150,+145,-182,-165
8,2022-11-08,Dallas Stars,1,Winnipeg Jets,5,+100,-115,-120,+100
9,2022-11-08,Nashville Predators,1,Seattle Kraken,5,-120,+100,+100,-120
10,2022-11-08,Minnesota Wild,0,Los Angeles Kings,1,-120,-105,+100,-115
0,2022-11-09,Carolina Hurricanes,0,Florida Panthers,3,+100,-115,-120,+100
1,2022-11-09,Pittsburgh Penguins,4,Washington Capitals,1,+100,-115,-120,+110
2,2022-11-09,Vancouver Canucks,2,Montréal Canadiens,5,-132,-160,+110,+140
3,2022-11-09,Minnesota Wild,4,Anaheim Ducks,1,-178,-155,+146,+140
0,2022-11-10,Ottawa Senators,3,New Jersey Devils,4,+142,+158,-172,-185
1,2022-11-10,Vegas Golden Knights,7,Buffalo Sabres,4,-175,-165,+143,+143
2,2022-11-10,New York Rangers,8,Detroit Red Wings,2,-132,-155,+110,+140
3,2022-11-10,Edmonton Oilers,2,Carolina Hurricanes,7,+146,+120,-178,-135
4,2022-11-10,Philadelphia Flyers,2,Columbus Blue Jackets,5,+125,-105,-150,-110
5,2022-11-10,Calgary Flames,1,Boston Bruins,3,+140,+162,-170,-190
6,2022-11-10,Arizona Coyotes,2,New York Islanders,0,+220,+235,-275,-275
7,2022-11-10,San Jose Sharks,3,St. Louis Blues,5,+138,+143,-162,-165
8,2022-11-10,Nashville Predators,3,Colorado Avalanche,5,+155,+165,-195,-190
9,2022-11-10,Chicago Blackhawks,1,Los Angeles Kings,2,+225,+228,-278,-275
0,2022-11-11,Tampa Bay Lightning,1,Washington Capitals,5,-164,-140,+136,+120
1,2022-11-11,Pittsburgh Penguins,4,Toronto Maple Leafs,2,+150,+130,-182,-150
2,2022-11-11,San Jose Sharks,5,Dallas Stars,4,+138,+196,-166,-225
3,2022-11-11,Minnesota Wild,1,Seattle Kraken,0,-118,-125,-102,+105
0,2022-11-12,Ottawa Senators,4,Philadelphia Flyers,1,-109,-120,-109,+110
1,2022-11-12,Edmonton Oilers,4,Florida Panthers,2,+112,+150,-136,-170
2,2022-11-12,Pittsburgh Penguins,4,Montréal Canadiens,5,-148,-165,+123,+143
3,2022-11-12,Boston Bruins,3,Buffalo Sabres,1,-182,-180,+150,+158
4,2022-11-12,Vancouver Canucks,2,Toronto Maple Leafs,3,+184,+145,-225,-170
5,2022-11-12,Arizona Coyotes,2,New Jersey Devils,4,+220,+245,-275,-275
6,2022-11-12,Columbus Blue Jackets,3,New York Islanders,4,+180,+205,-225,-245
7,2022-11-12,New York Rangers,1,Nashville Predators,2,-137,-105,+114,-110
8,2022-11-12,Carolina Hurricanes,1,Colorado Avalanche,4,+114,+105,-137,-120
9,2022-11-12,St. Louis Blues,3,Vegas Golden Knights,2,+190,+170,-235,-200
10,2022-11-12,Chicago Blackhawks,3,Anaheim Ducks,2,+104,+122,-125,-130
11,2022-11-12,Winnipeg Jets,2,Calgary Flames,3,+106,+143,-128,-165
12,2022-11-12,Detroit Red Wings,3,Los Angeles Kings,4,+146,+180,-178,-220
0,2022-11-13,Dallas Stars,5,Philadelphia Flyers,1,-137,-190,+114,+162
1,2022-11-13,San Jose Sharks,3,Minnesota Wild,2,+220,+180,-275,-210
2,2022-11-13,Vancouver Canucks,2,Boston Bruins,5,+198,+196,-245,-225
3,2022-11-13,Washington Capitals,3,Tampa Bay Lightning,6,+155,+160,-188,-175
4,2022-11-13,Arizona Coyotes,1,New York Rangers,4,+250,+310,-315,-350
5,2022-11-13,Winnipeg Jets,3,Seattle Kraken,2,-105,+143,-114,-145
0,2022-11-14,New York Islanders,4,Ottawa Senators,2,-110,-120,-110,+100
1,2022-11-14,Los Angeles Kings,5,Calgary Flames,6,+136,+145,-164,-170
2,2022-11-14,Carolina Hurricanes,3,Chicago Blackhawks,0,-182,-225,+150,+200
3,2022-11-14,St. Louis Blues,3,Colorado Avalanche,2,+198,+165,-245,-190
0,2022-11-15,Washington Capitals,2,Florida Panthers,5,+146,+175,-176,-200
1,2022-11-15,Vancouver Canucks,5,Buffalo Sabres,4,-108,-110,-111,-110
2,2022-11-15,Toronto Maple Leafs,5,Pittsburgh Penguins,2,-111,-115,-108,-105
3,2022-11-15,New Jersey Devils,5,Montréal Canadiens,1,-150,-185,+125,+165
4,2022-11-15,Dallas Stars,4,Tampa Bay Lightning,5,+180,+115,-220,-130
5,2022-11-15,Philadelphia Flyers,4,Columbus Blue Jackets,5,+112,-115,-134,-105
6,2022-11-15,Minnesota Wild,1,Nashville Predators,2,-111,-110,-108,-110
7,2022-11-15,San Jose Sharks,5,Vegas Golden Knights,2,+172,+228,-210,-275
8,2022-11-15,Detroit Red Wings,2,Anaheim Ducks,3,-102,-110,-118,+100
0,2022-11-16,Buffalo Sabres,1,Ottawa Senators,4,+142,+143,-172,-165
1,2022-11-16,St. Louis Blues,5,Chicago Blackhawks,2,-134,-170,+112,+158
2,2022-11-16,Los Angeles Kings,3,Edmonton Oilers,1,+150,+115,-182,-135
0,2022-11-17,New Jersey Devils,3,Toronto Maple Leafs,2,+134,+122,-162,-145
1,2022-11-17,Calgary Flames,1,Tampa Bay Lightning,4,+150,+105,-184,-120
2,2022-11-17,Dallas Stars,6,Florida Panthers,4,+150,+145,-182,-155
3,2022-11-17,Colorado Avalanche,3,Carolina Hurricanes,2,-110,+115,-110,-130
4,2022-11-17,Montréal Canadiens,4,Columbus Blue Jackets,6,+150,-105,-182,-115
5,2022-11-17,Philadelphia Flyers,1,Boston Bruins,4,+220,+278,-275,-350
6,2022-11-17,Pittsburgh Penguins,6,Minnesota Wild,4,-108,-110,-111,-110
7,2022-11-17,Washington Capitals,4,St. Louis Blues,5,+126,-105,-152,-115
8,2022-11-17,Anaheim Ducks,2,Winnipeg Jets,3,+164,+180,-200,-210
9,2022-11-17,New York Islanders,4,Nashville Predators,5,-110,-105,-110,-115
10,2022-11-17,New York Rangers,2,Seattle Kraken,3,-110,-140,-110,+120
11,2022-11-17,Arizona Coyotes,1,Vegas Golden Knights,4,+270,+325,-345,-400
12,2022-11-17,Detroit Red Wings,7,San Jose Sharks,4,+114,+105,-137,-120
0,2022-11-18,Los Angeles Kings,1,Vancouver Canucks,4,-102,-105,-118,-115
0,2022-11-19,New Jersey Devils,5,Ottawa Senators,1,-120,-120,+100,+110
1,2022-11-19,Calgary Flames,5,Florida Panthers,4,+112,+120,-134,-135
2,2022-11-19,Philadelphia Flyers,4,Montréal Canadiens,5,+106,+115,-128,-130
3,2022-11-19,Detroit Red Wings,6,Columbus Blue Jackets,1,-110,-135,-110,+118
4,2022-11-19,Buffalo Sabres,2,Toronto Maple Leafs,5,+275,+240,-350,-275
5,2022-11-19,Chicago Blackhawks,1,Boston Bruins,6,+290,+360,-385,-395
6,2022-11-19,Pittsburgh Penguins,3,Winnipeg Jets,0,-105,-125,-114,+105
7,2022-11-19,Colorado Avalanche,4,Washington Capitals,0,-152,-120,+126,+100
8,2022-11-19,Carolina Hurricanes,1,Minnesota Wild,2,-120,-120,+100,+105
9,2022-11-19,Anaheim Ducks,2,St. Louis Blues,6,+188,+160,-230,-185
10,2022-11-19,Tampa Bay Lightning,3,Nashville Predators,2,-137,-125,+114,+115
11,2022-11-19,New York Islanders,2,Dallas Stars,5,+112,+135,-134,-155
12,2022-11-19,Vegas Golden Knights,3,Edmonton Oilers,4,+100,-115,-120,-105
13,2022-11-19,Los Angeles Kings,2,Seattle Kraken,3,-104,+105,-115,-125
14,2022-11-19,New York Rangers,2,San Jose Sharks,1,-137,-170,+114,+145
0,2022-11-20,Florida Panthers,3,Columbus Blue Jackets,5,-200,-260,+164,+220
1,2022-11-20,Pittsburgh Penguins,5,Chicago Blackhawks,3,-192,-225,+158,+192
0,2022-11-21,Edmonton Oilers,2,New Jersey Devils,5,+114,+130,-134,-150
1,2022-11-21,Calgary Flames,5,Philadelphia Flyers,2,-166,-225,+138,+185
2,2022-11-21,Boston Bruins,5,Tampa Bay Lightning,3,+122,-105,-146,-115
3,2022-11-21,New York Islanders,3,Toronto Maple Leafs,2,+146,+155,-178,-175
4,2022-11-21,Carolina Hurricanes,3,Winnipeg Jets,4,-130,-170,+108,+150
5,2022-11-21,Anaheim Ducks,1,St. Louis Blues,3,+180,+175,-220,-210
6,2022-11-21,Arizona Coyotes,3,Nashville Predators,4,+210,+215,-260,-250
7,2022-11-21,Colorado Avalanche,3,Dallas Stars,2,-110,+100,-110,-115
8,2022-11-21,Vegas Golden Knights,5,Vancouver Canucks,4,-166,-140,+138,+120
9,2022-11-21,Ottawa Senators,1,San Jose Sharks,5,+122,-115,-146,-105
0,2022-11-22,Buffalo Sabres,7,Montréal Canadiens,2,+106,-105,-128,-110
1,2022-11-22,New York Rangers,5,Los Angeles Kings,3,-110,-135,-110,+1100
0,2022-11-23,Toronto Maple Leafs,2,New Jersey Devils,1,-102,+115,-118,-135
1,2022-11-23,Boston Bruins,2,Florida Panthers,5,-114,+100,-105,-110
2,2022-11-23,St. Louis Blues,2,Buffalo Sabres,6,-170,-135,+140,+120
3,2022-11-23,Nashville Predators,0,Detroit Red Wings,3,-105,+110,-115,-125
4,2022-11-23,Montréal Canadiens,3,Columbus Blue Jackets,1,-105,+105,-114,-120
5,2022-11-23,Arizona Coyotes,4,Carolina Hurricanes,0,+285,+300,-365,-375
6,2022-11-23,Winnipeg Jets,1,Minnesota Wild,6,+114,+135,-137,-160
7,2022-11-23,Calgary Flames,1,Pittsburgh Penguins,2,+100,+105,-120,-125
8,2022-11-23,Philadelphia Flyers,2,Washington Capitals,3,+180,+205,-220,-250
9,2022-11-23,Edmonton Oilers,0,New York Islanders,3,-111,+100,-108,-120
10,2022-11-23,Chicago Blackhawks,4,Dallas Stars,6,+190,+250,-235,-300
11,2022-11-23,San Jose Sharks,5,Seattle Kraken,8,+110,+158,-132,-175
12,2022-11-23,Ottawa Senators,1,Vegas Golden Knights,4,+160,+205,-194,-250
13,2022-11-23,New York Rangers,2,Anaheim Ducks,3,-188,-155,+155,+140
14,2022-11-23,Vancouver Canucks,4,Colorado Avalanche,3,+215,+170,-265,-205
0,2022-11-25,Carolina Hurricanes,2,Boston Bruins,3,+112,+135,-134,-155
1,2022-11-25,Calgary Flames,0,Washington Capitals,3,-110,-125,-110,+105
2,2022-11-25,Toronto Maple Leafs,4,Minnesota Wild,3,-110,-105,-110,-115
3,2022-11-25,Colorado Avalanche,3,Nashville Predators,4,-134,-130,+112,+110
4,2022-11-25,Montréal Canadiens,3,Chicago Blackhawks,2,+104,+105,-125,-120
5,2022-11-25,Ottawa Senators,5,Anaheim Ducks,1,-135,-155,+115,+130
6,2022-11-25,Pittsburgh Penguins,4,Philadelphia Flyers,1,-172,-225,+142,+196
7,2022-11-25,New York Islanders,3,Columbus Blue Jackets,2,-172,-190,+142,+162
8,2022-11-25,Seattle Kraken,4,Vegas Golden Knights,2,+130,+165,-156,-190
9,2022-11-25,Arizona Coyotes,3,Detroit Red Wings,4,+155,+170,-188,-200
10,2022-11-25,St. Louis Blues,2,Tampa Bay Lightning,5,+130,+165,-156,-190
11,2022-11-25,New Jersey Devils,3,Buffalo Sabres,1,-160,-150,+132,+135
12,2022-11-25,Winnipeg Jets,5,Dallas Stars,4,+130,+143,-156,-165
13,2022-11-25,Los Angeles Kings,5,San Jose Sharks,2,-115,-145,-104,+122
0,2022-11-26,Edmonton Oilers,4,New York Rangers,3,+110,+140,-132,-160
1,2022-11-26,Calgary Flames,2,Carolina Hurricanes,3,+116,+115,-140,-130
2,2022-11-26,St. Louis Blues,5,Florida Panthers,4,+130,+175,-156,-205
3,2022-11-26,Washington Capitals,1,New Jersey Devils,5,+128,+162,-154,-190
4,2022-11-26,Toronto Maple Leafs,4,Pittsburgh Penguins,1,+100,+115,-120,-130
5,2022-11-26,Philadelphia Flyers,2,New York Islanders,5,+180,+196,-220,-225
6,2022-11-26,Columbus Blue Jackets,1,Nashville Predators,2,+160,+180,-194,-220
7,2022-11-26,Dallas Stars,1,Colorado Avalanche,4,+106,+150,-128,-165
8,2022-11-26,Vancouver Canucks,5,Vegas Golden Knights,1,+146,+165,-178,-195
0,2022-11-27,Arizona Coyotes,3,Minnesota Wild,4,+255,+240,-320,-300
1,2022-11-27,Winnipeg Jets,7,Chicago Blackhawks,2,-194,-165,+160,+145
2,2022-11-27,Seattle Kraken,5,Anaheim Ducks,4,-178,-175,+146,+150
3,2022-11-27,Vancouver Canucks,4,San Jose Sharks,3,-134,-115,+112,-105
4,2022-11-27,Ottawa Senators,3,Los Angeles Kings,2,+122,+135,-146,-155
0,2022-11-28,Tampa Bay Lightning,6,Buffalo Sabres,5,-194,-145,+160,+130
1,2022-11-28,New Jersey Devils,5,New York Rangers,3,-102,+100,-118,-115
2,2022-11-28,Vegas Golden Knights,3,Columbus Blue Jackets,2,-196,-285,+162,+240
3,2022-11-28,Toronto Maple Leafs,4,Detroit Red Wings,2,-164,-155,+136,+130
4,2022-11-28,Dallas Stars,4,St. Louis Blues,1,+100,-120,-120,+100
5,2022-11-28,Florida Panthers,3,Edmonton Oilers,4,-111,-105,-108,-105
0,2022-11-29,Carolina Hurricanes,3,Pittsburgh Penguins,2,-102,+100,-117,-115
1,2022-11-29,San Jose Sharks,4,Montréal Canadiens,0,+108,-110,-130,-110
2,2022-11-29,Tampa Bay Lightning,1,Boston Bruins,3,+127,+150,-151,-165
3,2022-11-29,New York Islanders,1,Philadelphia Flyers,3,-182,-190,+150,+162
4,2022-11-29,Anaheim Ducks,1,Nashville Predators,2,+187,+196,-225,-225
5,2022-11-29,Colorado Avalanche,0,Winnipeg Jets,5,-147,-135,+125,+115
6,2022-11-29,Florida Panthers,2,Calgary Flames,6,+120,+130,-142,-150
7,2022-11-29,Washington Capitals,5,Vancouver Canucks,1,+104,+100,-125,-115
8,2022-11-29,Seattle Kraken,9,Los Angeles Kings,8,+112,+115,-133,-130
0,2022-11-30,Buffalo Sabres,5,Detroit Red Wings,4,+116,+110,-140,-130
1,2022-11-30,San Jose Sharks,1,Toronto Maple Leafs,3,+255,+250,-320,-300
2,2022-11-30,New York Rangers,3,Ottawa Senators,1,-128,-105,+106,-110
3,2022-11-30,Edmonton Oilers,5,Chicago Blackhawks,4,-192,-225,+158,+185
0,2022-12-01,Nashville Predators,4,New Jersey Devils,3,+146,+170,-176,-205
1,2022-12-01,Vegas Golden Knights,3,Pittsburgh Penguins,4,+114,+100,-137,-115
2,2022-12-01,Colorado Avalanche,6,Buffalo Sabres,4,-260,-175,+210,+150
3,2022-12-01,Tampa Bay Lightning,4,Philadelphia Flyers,1,-235,-220,+190,+180
4,2022-12-01,Carolina Hurricanes,6,St. Louis Blues,4,-137,-140,+114,+120
5,2022-12-01,Edmonton Oilers,3,Minnesota Wild,5,+114,+140,-137,-155
6,2022-12-01,Anaheim Ducks,0,Dallas Stars,5,+255,+250,-320,-300
7,2022-12-01,Montréal Canadiens,2,Calgary Flames,1,+180,+255,-220,-300
8,2022-12-01,Florida Panthers,5,Vancouver Canucks,1,-152,-125,+126,+105
9,2022-12-01,Washington Capitals,2,Seattle Kraken,3,+100,+100,-120,-115
10,2022-12-01,Arizona Coyotes,3,Los Angeles Kings,5,+198,+205,-245,-235
0,2022-12-02,Ottawa Senators,3,New York Rangers,2,+162,+160,-196,-185
1,2022-12-02,Nashville Predators,4,New York Islanders,1,+125,+145,-150,-165
2,2022-12-02,Columbus Blue Jackets,4,Winnipeg Jets,1,+195,+175,-240,-200
0,2022-12-03,Anaheim Ducks,4,Minnesota Wild,5,+255,+240,-320,-300
1,2022-12-03,Montréal Canadiens,3,Edmonton Oilers,5,+172,+205,-205,-250
2,2022-12-03,New Jersey Devils,3,Philadelphia Flyers,2,-194,-220,+160,+180
3,2022-12-03,San Jose Sharks,2,Ottawa Senators,5,+106,+122,-128,-140
4,2022-12-03,Colorado Avalanche,1,Boston Bruins,5,+100,+140,-120,-165
5,2022-12-03,Toronto Maple Leafs,3,Tampa Bay Lightning,4,+118,+115,-142,-130
6,2022-12-03,St. Louis Blues,2,Pittsburgh Penguins,6,+136,+158,-164,-175
7,2022-12-03,Vegas Golden Knights,4,Detroit Red Wings,1,-125,-140,+104,+125
8,2022-12-03,Chicago Blackhawks,5,New York Rangers,2,+220,+222,-275,-275
9,2022-12-03,Washington Capitals,2,Calgary Flames,5,+112,+140,-134,-165
10,2022-12-03,Arizona Coyotes,2,Vancouver Canucks,3,+198,+175,-245,-210
11,2022-12-03,Florida Panthers,5,Seattle Kraken,1,-110,-120,-110,+100
12,2022-12-03,Carolina Hurricanes,4,Los Angeles Kings,2,-144,-130,+120,+122
0,2022-12-04,Anaheim Ducks,2,Winnipeg Jets,5,+206,+230,-250,-275
1,2022-12-04,Minnesota Wild,6,Dallas Stars,5,+110,+135,-132,-155
2,2022-12-04,Detroit Red Wings,4,Columbus Blue Jackets,2,-130,-120,+110,+105
3,2022-12-04,San Jose Sharks,3,Buffalo Sabres,6,+121,+135,-142,-150
4,2022-12-04,Chicago Blackhawks,0,New York Islanders,3,+209,+240,-252,-300
0,2022-12-05,Colorado Avalanche,3,Philadelphia Flyers,5,-220,-200,+180,+170
1,2022-12-05,St. Louis Blues,4,New York Rangers,6,+126,+145,-152,-165
2,2022-12-05,Vegas Golden Knights,4,Boston Bruins,3,+138,+162,-166,-185
3,2022-12-05,Washington Capitals,3,Edmonton Oilers,2,+122,+135,-146,-160
4,2022-12-05,Arizona Coyotes,2,Calgary Flames,3,+174,+278,-216,-325
5,2022-12-05,Montréal Canadiens,6,Vancouver Canucks,7,+168,+210,-205,-225
0,2022-12-06,Detroit Red Wings,4,Tampa Bay Lightning,2,+164,+210,-200,-250
1,2022-12-06,Los Angeles Kings,5,Ottawa Senators,2,-110,-105,-110,-115
2,2022-12-06,Chicago Blackhawks,0,New Jersey Devils,3,+220,+335,-275,-430
3,2022-12-06,Columbus Blue Jackets,1,Pittsburgh Penguins,4,+215,+240,-265,-275
4,2022-12-06,St. Louis Blues,7,New York Islanders,4,+130,+162,-156,-175
5,2022-12-06,Florida Panthers,2,Winnipeg Jets,5,-122,-115,+102,-105
6,2022-12-06,Toronto Maple Leafs,4,Dallas Stars,0,+100,+100,-120,-115
7,2022-12-06,Montréal Canadiens,4,Seattle Kraken,2,+155,+222,-188,-275
8,2022-12-06,Carolina Hurricanes,3,Anaheim Ducks,4,-196,-300,+162,+240
0,2022-12-07,Washington Capitals,4,Philadelphia Flyers,1,-170,-135,+140,+120
1,2022-12-07,Buffalo Sabres,9,Columbus Blue Jackets,4,+100,-155,-120,+135
2,2022-12-07,Minnesota Wild,3,Calgary Flames,5,+116,+130,-140,-150
3,2022-12-07,Boston Bruins,4,Colorado Avalanche,0,-110,-175,-110,+150
4,2022-12-07,Arizona Coyotes,2,Edmonton Oilers,8,+255,+240,-320,-300
5,2022-12-07,New York Rangers,5,Vegas Golden Knights,1,+136,+110,-164,-125
6,2022-12-07,Vancouver Canucks,6,San Jose Sharks,5,-122,-120,+102,+100
0,2022-12-08,Nashville Predators,2,Tampa Bay Lightning,5,+158,+152,-192,-180
1,2022-12-08,Los Angeles Kings,0,Toronto Maple Leafs,5,+155,+150,-188,-175
2,2022-12-08,Detroit Red Wings,1,Florida Panthers,5,+146,+180,-176,-200
3,2022-12-08,Winnipeg Jets,5,St. Louis Blues,2,-102,-120,-118,+105
4,2022-12-08,Ottawa Senators,3,Dallas Stars,4,+172,+170,-210,-200
0,2022-12-09,Seattle Kraken,1,Washington Capitals,4,+122,+122,-146,-145
1,2022-12-09,Calgary Flames,1,Columbus Blue Jackets,3,-230,-250,+190,+220
2,2022-12-09,Pittsburgh Penguins,4,Buffalo Sabres,3,-130,-150,+108,+130
3,2022-12-09,New York Islanders,6,New Jersey Devils,4,+142,+192,-172,-225
4,2022-12-09,Winnipeg Jets,3,Chicago Blackhawks,1,-142,-145,+118,+125
5,2022-12-09,New York Rangers,2,Colorado Avalanche,1,-130,-150,+108,+135
6,2022-12-09,Minnesota Wild,2,Edmonton Oilers,5,+105,+105,-126,-125
7,2022-12-09,Boston Bruins,3,Arizona Coyotes,4,-275,-350,+220,+280
8,2022-12-09,Philadelphia Flyers,1,Vegas Golden Knights,2,+220,+215,-275,-250
9,2022-12-09,San Jose Sharks,6,Anaheim Ducks,1,-110,-115,-110,-105
0,2022-12-10,Ottawa Senators,3,Nashville Predators,2,+146,+115,-178,-135
1,2022-12-10,Detroit Red Wings,2,Dallas Stars,3,+168,+170,-205,-200
2,2022-12-10,Florida Panthers,1,Tampa Bay Lightning,4,+126,+130,-152,-135
3,2022-12-10,Los Angeles Kings,4,Montréal Canadiens,2,-125,-160,+104,+150
4,2022-12-10,Calgary Flames,4,Toronto Maple Leafs,5,+131,+143,-154,-165
5,2022-12-10,Buffalo Sabres,1,Pittsburgh Penguins,3,+146,+180,-176,-220
6,2022-12-10,Carolina Hurricanes,3,New York Islanders,0,-167,-135,+140,+120
7,2022-12-10,Minnesota Wild,3,Vancouver Canucks,0,-120,-105,+100,-110
0,2022-12-11,Colorado Avalanche,3,St. Louis Blues,2,+150,-120,-182,+100
1,2022-12-11,Seattle Kraken,5,Florida Panthers,2,+146,+135,-176,-160
2,2022-12-11,Los Angeles Kings,5,Columbus Blue Jackets,6,-140,-150,+115,+130
3,2022-12-11,Washington Capitals,5,Winnipeg Jets,2,+110,+115,-130,-130
4,2022-12-11,Philadelphia Flyers,4,Arizona Coyotes,5,-128,-110,+106,-110
5,2022-12-11,Boston Bruins,3,Vegas Golden Knights,1,-110,-160,-110,+145
0,2022-12-12,Dallas Stars,1,Pittsburgh Penguins,2,+105,+110,-126,-130
1,2022-12-12,Calgary Flames,1,Montréal Canadiens,2,-172,-200,+140,+170
2,2022-12-12,New Jersey Devils,3,New York Rangers,4,-102,+100,-118,-110
3,2022-12-12,Anaheim Ducks,0,Ottawa Senators,3,+130,+192,-156,-225
4,2022-12-12,Edmonton Oilers,1,Minnesota Wild,2,+114,+105,-137,-125
5,2022-12-12,Nashville Predators,0,St. Louis Blues,1,+100,-115,-120,+100
0,2022-12-13,New York Islanders,3,Boston Bruins,4,+160,+220,-194,-267
1,2022-12-13,Carolina Hurricanes,1,Detroit Red Wings,0,-154,-165,+128,+150
2,2022-12-13,Columbus Blue Jackets,0,Florida Panthers,4,+255,+230,-320,-278
3,2022-12-13,Los Angeles Kings,0,Buffalo Sabres,6,-110,-110,-110,-105
4,2022-12-13,Dallas Stars,4,New Jersey Devils,1,+122,+140,-146,-160
5,2022-12-13,Seattle Kraken,2,Tampa Bay Lightning,6,+162,+175,-196,-190
6,2022-12-13,Anaheim Ducks,0,Toronto Maple Leafs,7,+300,+375,-385,-480
7,2022-12-13,Edmonton Oilers,6,Nashville Predators,3,-137,-130,+114,+115
8,2022-12-13,Vegas Golden Knights,6,Winnipeg Jets,5,+114,+125,-137,-140
9,2022-12-13,Philadelphia Flyers,2,Colorado Avalanche,3,+168,+196,-205,-225
10,2022-12-13,Washington Capitals,7,Chicago Blackhawks,3,-194,-210,+160,+180
11,2022-12-13,Arizona Coyotes,2,San Jose Sharks,3,+142,+145,-172,-170
0,2022-12-14,Montréal Canadiens,2,Ottawa Senators,3,+128,+180,-154,-215
1,2022-12-14,Detroit Red Wings,1,Minnesota Wild,4,+172,+220,-210,-250
2,2022-12-14,Vancouver Canucks,4,Calgary Flames,3,+142,+160,-172,-185
0,2022-12-15,Columbus Blue Jackets,1,Tampa Bay Lightning,4,+255,+260,-320,-292
1,2022-12-15,Pittsburgh Penguins,4,Florida Panthers,2,+112,-105,-134,-110
2,2022-12-15,Philadelphia Flyers,2,New Jersey Devils,1,+198,+250,-245,-300
3,2022-12-15,Los Angeles Kings,3,Boston Bruins,2,+162,+205,-196,-250
4,2022-12-15,Toronto Maple Leafs,1,New York Rangers,3,-134,-120,+112,+105
5,2022-12-15,Dallas Stars,2,Washington Capitals,1,-104,-115,-115,-105
6,2022-12-15,Seattle Kraken,2,Carolina Hurricanes,3,+164,+165,-200,-190
7,2022-12-15,Anaheim Ducks,5,Montréal Canadiens,2,+140,+135,-170,-155
8,2022-12-15,Nashville Predators,1,Winnipeg Jets,2,+142,+140,-172,-160
9,2022-12-15,Vegas Golden Knights,4,Chicago Blackhawks,1,-220,-200,+180,+175
10,2022-12-15,Buffalo Sabres,4,Colorado Avalanche,2,+180,+158,-220,-185
11,2022-12-15,St. Louis Blues,4,Edmonton Oilers,3,+162,+145,-196,-170
0,2022-12-16,Chicago Blackhawks,1,Minnesota Wild,4,+260,+340,-330,-415
1,2022-12-16,St. Louis Blues,5,Calgary Flames,2,+176,+185,-215,-225
2,2022-12-16,New York Islanders,4,Arizona Coyotes,5,-192,-178,+158,+150
0,2022-12-17,Ottawa Senators,6,Detroit Red Wings,3,+100,-110,-120,-110
1,2022-12-17,Columbus Blue Jackets,2,Boston Bruins,4,+285,+345,-365,-440
2,2022-12-17,Anaheim Ducks,4,Edmonton Oilers,3,+300,+260,-385,-335
3,2022-12-17,Toronto Maple Leafs,2,Washington Capitals,5,-137,-130,+114,+125
4,2022-12-17,Tampa Bay Lightning,5,Montréal Canadiens,1,-225,-250,+184,+220
5,2022-12-17,New York Rangers,6,Philadelphia Flyers,3,-178,-160,+146,+145
6,2022-12-17,Dallas Stars,4,Carolina Hurricanes,5,+146,+143,-176,-145
7,2022-12-17,Florida Panthers,4,New Jersey Devils,2,+105,+120,-126,-135
8,2022-12-17,Nashville Predators,1,Colorado Avalanche,3,+158,+145,-192,-170
9,2022-12-17,Buffalo Sabres,5,Arizona Coyotes,2,-172,-170,+142,+145
10,2022-12-17,New York Islanders,5,Vegas Golden Knights,2,+158,+145,-192,-170
11,2022-12-17,Winnipeg Jets,5,Vancouver Canucks,1,+104,-115,-125,+110
12,2022-12-17,San Jose Sharks,2,Los Angeles Kings,3,+158,+135,-192,-155
0,2022-12-18,Ottawa Senators,2,Minnesota Wild,4,+162,+175,-196,-210
1,2022-12-18,Pittsburgh Penguins,2,Carolina Hurricanes,3,+116,+110,-140,-125
2,2022-12-18,New York Rangers,7,Chicago Blackhawks,1,-215,-250,+176,+210
3,2022-12-18,Winnipeg Jets,2,Seattle Kraken,3,+106,+135,-128,-150
4,2022-12-18,Calgary Flames,5,San Jose Sharks,2,-172,-175,+142,+158
0,2022-12-19,Florida Panthers,3,Boston Bruins,7,+146,+175,-176,-200
1,2022-12-19,Detroit Red Wings,3,Washington Capitals,4,+195,+160,-240,-175
2,2022-12-19,Dallas Stars,2,Columbus Blue Jackets,1,-245,-235,+198,+205
3,2022-12-19,Edmonton Oilers,3,Nashville Predators,4,-142,-115,+118,-105
4,2022-12-19,New York Islanders,0,Colorado Avalanche,1,+134,+130,-162,-150
5,2022-12-19,Montréal Canadiens,3,Arizona Coyotes,2,+102,+105,-122,-115
6,2022-12-19,Buffalo Sabres,3,Vegas Golden Knights,2,+160,+130,-194,-155
7,2022-12-19,St. Louis Blues,5,Vancouver Canucks,1,-102,-110,-118,-110
0,2022-12-20,New Jersey Devils,1,Carolina Hurricanes,4,+138,+100,-166,-120
1,2022-12-20,Tampa Bay Lightning,1,Toronto Maple Leafs,4,-120,+118,+100,-135
2,2022-12-20,Columbus Blue Jackets,3,Philadelphia Flyers,5,+114,+158,-137,-185
3,2022-12-20,New York Rangers,2,Pittsburgh Penguins,3,+106,+115,-128,-135
4,2022-12-20,Ottawa Senators,1,Winnipeg Jets,5,+142,+105,-172,-125
5,2022-12-20,St. Louis Blues,2,Seattle Kraken,5,+126,+158,-152,-165
6,2022-12-20,Calgary Flames,7,San Jose Sharks,3,-182,-185,+150,+160
7,2022-12-20,Anaheim Ducks,1,Los Angeles Kings,4,+220,+222,-275,-255
0,2022-12-21,Tampa Bay Lightning,4,Detroit Red Wings,7,-230,-130,+188,+130
1,2022-12-21,New Jersey Devils,4,Florida Panthers,2,+126,+115,-152,-130
2,2022-12-21,Montréal Canadiens,1,Colorado Avalanche,2,+215,+228,-265,-275
3,2022-12-21,Nashville Predators,4,Chicago Blackhawks,2,-152,-190,+126,+170
4,2022-12-21,Edmonton Oilers,6,Dallas Stars,3,+118,+122,-144,-135
5,2022-12-21,Minnesota Wild,4,Anaheim Ducks,1,-275,-275,+220,+225
6,2022-12-21,Arizona Coyotes,2,Vegas Golden Knights,5,+220,+250,-275,-300
0,2022-12-22,Philadelphia Flyers,3,Toronto Maple Leafs,4,+255,+260,-320,-335
1,2022-12-22,Washington Capitals,3,Ottawa Senators,2,-110,-125,-110,+115
2,2022-12-22,Winnipeg Jets,2,Boston Bruins,3,+168,+200,-205,-240
3,2022-12-22,Carolina Hurricanes,4,Pittsburgh Penguins,3,-105,+115,-115,-135
4,2022-12-22,New York Islanders,3,New York Rangers,5,+146,+140,-178,-155
5,2022-12-22,Seattle Kraken,5,Vancouver Canucks,6,-110,-115,-110,+100
6,2022-12-22,Calgary Flames,3,Los Angeles Kings,4,-120,-120,+100,+100
7,2022-12-22,Minnesota Wild,2,San Jose Sharks,5,-160,-165,+132,+143
0,2022-12-27,Boston Bruins,2,Ottawa Senators,3,-165,-190,+140,+170
1,2022-12-27,Washington Capitals,4,New York Rangers,0,+135,+135,-155,-160
2,2022-12-27,Chicago Blackhawks,0,Carolina Hurricanes,3,+290,+360,-350,-450
3,2022-12-27,Buffalo Sabres,3,Columbus Blue Jackets,4,-165,-160,+140,+140
4,2022-12-27,Pittsburgh Penguins,1,New York Islanders,5,-110,-130,-110,+120
5,2022-12-27,Minnesota Wild,4,Winnipeg Jets,1,-125,-120,+105,+100
6,2022-12-27,Dallas Stars,3,Nashville Predators,2,-125,-130,+105,+115
7,2022-12-27,Toronto Maple Leafs,5,St. Louis Blues,4,-145,-175,+125,+150
8,2022-12-27,Edmonton Oilers,2,Calgary Flames,1,+115,+120,-135,-140
9,2022-12-27,Colorado Avalanche,3,Arizona Coyotes,6,-245,-225,+205,+192
10,2022-12-27,San Jose Sharks,2,Vancouver Canucks,6,+140,+118,-165,-135
11,2022-12-27,Vegas Golden Knights,2,Los Angeles Kings,4,-110,+105,-110,-120
0,2022-12-28,Montréal Canadiens,1,Tampa Bay Lightning,4,+300,+285,-385,-350
1,2022-12-28,Detroit Red Wings,5,Pittsburgh Penguins,4,+160,+175,-194,-200
2,2022-12-28,Boston Bruins,3,New Jersey Devils,1,-120,-115,+100,-105
3,2022-12-28,Vegas Golden Knights,2,Anaheim Ducks,3,-235,-160,+190,+143
4,2022-12-28,Calgary Flames,3,Seattle Kraken,2,-110,-115,-110,-105
0,2022-12-29,New York Rangers,1,Tampa Bay Lightning,2,+122,+118,-146,-140
1,2022-12-29,Detroit Red Wings,3,Buffalo Sabres,6,+146,+158,-178,-175
2,2022-12-29,Montréal Canadiens,2,Florida Panthers,7,+270,+290,-345,-365
3,2022-12-29,Ottawa Senators,4,Washington Capitals,3,+136,+145,-164,-170
4,2022-12-29,Columbus Blue Jackets,1,New York Islanders,2,+180,+222,-220,-250
5,2022-12-29,Vancouver Canucks,2,Winnipeg Jets,4,+140,+125,-170,-145
6,2022-12-29,Dallas Stars,4,Minnesota Wild,1,+114,+115,-134,-120
7,2022-12-29,Chicago Blackhawks,1,St. Louis Blues,3,+220,+220,-275,-260
8,2022-12-29,Toronto Maple Leafs,3,Arizona Coyotes,6,-240,-300,+195,+250
9,2022-12-29,Los Angeles Kings,5,Colorado Avalanche,4,+164,+130,-200,-145
10,2022-12-29,Philadelphia Flyers,4,San Jose Sharks,3,+116,+135,-140,-160
0,2022-12-30,Nashville Predators,6,Anaheim Ducks,1,-164,-165,+136,+150
1,2022-12-30,New Jersey Devils,4,Pittsburgh Penguins,2,+114,-105,-137,-110
2,2022-12-30,Florida Panthers,0,Carolina Hurricanes,4,+152,+155,-184,-175
3,2022-12-30,Edmonton Oilers,7,Seattle Kraken,2,-110,+115,-111,-124
0,2022-12-31,Chicago Blackhawks,1,Columbus Blue Jackets,4,+110,+125,-131,-135
1,2022-12-31,Buffalo Sabres,4,Boston Bruins,3,+194,+220,-235,-245
2,2022-12-31,Nashville Predators,4,Vegas Golden Knights,5,+141,+145,-168,-165
3,2022-12-31,Montréal Canadiens,2,Washington Capitals,9,+245,+230,-299,-255
4,2022-12-31,Philadelphia Flyers,4,Los Angeles Kings,2,+187,+195,-225,-225
5,2022-12-31,Arizona Coyotes,3,Tampa Bay Lightning,5,+287,+295,-360,-335
6,2022-12-31,Minnesota Wild,5,St. Louis Blues,2,-117,-130,-102,+120
7,2022-12-31,Ottawa Senators,2,Detroit Red Wings,4,+102,-120,-122,+118
8,2022-12-31,Toronto Maple Leafs,6,Colorado Avalanche,2,+106,-110,-128,+105
9,2022-12-31,San Jose Sharks,2,Dallas Stars,5,+207,+200,-251,-225
10,2022-12-31,Winnipeg Jets,2,Edmonton Oilers,1,+113,+105,-134,-110
11,2022-12-31,Vancouver Canucks,2,Calgary Flames,3,+162,+205,-193,-225
0,2023-01-01,Carolina Hurricanes,5,New Jersey Devils,4,-114,-115,-105,+105
1,2023-01-01,New York Rangers,5,Florida Panthers,3,+110,+135,-132,-148
2,2023-01-01,San Jose Sharks,5,Chicago Blackhawks,2,-115,-145,-104,+128
3,2023-01-01,Buffalo Sabres,1,Ottawa Senators,3,+108,+116,-130,-129
4,2023-01-01,New York Islanders,1,Seattle Kraken,4,-108,+105,-111,-120
0,2023-01-02,Pittsburgh Penguins,1,Boston Bruins,2,+140,+160,-170,-175
1,2023-01-02,Vegas Golden Knights,3,Colorado Avalanche,2,+112,+140,-134,-155
2,2023-01-02,Philadelphia Flyers,4,Anaheim Ducks,1,+106,-114,-128,+110
0,2023-01-03,Columbus Blue Jackets,0,Ottawa Senators,4,+140,+190,-170,-215
1,2023-01-03,St. Louis Blues,6,Toronto Maple Leafs,5,+184,+255,-225,-275
2,2023-01-03,Carolina Hurricanes,3,New York Rangers,5,-115,-124,-104,+106
3,2023-01-03,Buffalo Sabres,5,Washington Capitals,4,+140,+140,-170,-155
4,2023-01-03,Arizona Coyotes,3,Florida Panthers,5,+310,+280,-400,-335
5,2023-01-03,Calgary Flames,2,Winnipeg Jets,3,-120,-140,+100,+125
6,2023-01-03,Montréal Canadiens,3,Nashville Predators,6,+195,+215,-240,-250
7,2023-01-03,Tampa Bay Lightning,4,Chicago Blackhawks,1,-320,-355,+255,+310
8,2023-01-03,Seattle Kraken,5,Edmonton Oilers,2,+118,+148,-142,-160
9,2023-01-03,New York Islanders,6,Vancouver Canucks,2,-126,-105,+105,-105
10,2023-01-03,Dallas Stars,2,Los Angeles Kings,3,-120,-120,+100,+106
0,2023-01-04,New Jersey Devils,5,Detroit Red Wings,1,-176,-150,+146,+140
1,2023-01-04,Tampa Bay Lightning,1,Minnesota Wild,5,+106,+114,-128,-115
2,2023-01-04,Dallas Stars,0,Anaheim Ducks,2,-188,-210,+155,+200
0,2023-01-05,New York Rangers,4,Montréal Canadiens,1,-194,-195,+160,+175
1,2023-01-05,St. Louis Blues,5,New Jersey Devils,3,+122,+165,-146,-177
2,2023-01-05,Seattle Kraken,5,Toronto Maple Leafs,1,+162,+195,-200,-225
3,2023-01-05,Nashville Predators,5,Carolina Hurricanes,3,+180,+195,-220,-230
4,2023-01-05,Arizona Coyotes,2,Philadelphia Flyers,6,+132,+132,-160,-150
5,2023-01-05,Washington Capitals,6,Columbus Blue Jackets,2,-194,-210,+160,+184
6,2023-01-05,New York Islanders,2,Edmonton Oilers,4,+118,+135,-144,-150
7,2023-01-05,Pittsburgh Penguins,2,Vegas Golden Knights,5,+104,+100,-126,-110
8,2023-01-05,Colorado Avalanche,2,Vancouver Canucks,4,-152,-150,+126,+140
9,2023-01-05,Boston Bruins,5,Los Angeles Kings,2,-144,-150,+120,+150
0,2023-01-06,Florida Panthers,3,Detroit Red Wings,2,+126,-150,-152,+135
1,2023-01-06,Nashville Predators,3,Washington Capitals,2,+130,+150,-156,-165
2,2023-01-06,Tampa Bay Lightning,2,Winnipeg Jets,4,-144,-105,+120,-110
3,2023-01-06,Arizona Coyotes,0,Chicago Blackhawks,2,+118,-105,-142,+100
4,2023-01-06,New York Islanders,1,Calgary Flames,4,+120,+195,-144,-220
5,2023-01-06,San Jose Sharks,4,Anaheim Ducks,5,-114,-155,-105,+150
0,2023-01-07,New York Rangers,3,New Jersey Devils,4,+106,+100,-128,-110
1,2023-01-07,Carolina Hurricanes,3,Columbus Blue Jackets,4,-260,-335,+210,+290
2,2023-01-07,Detroit Red Wings,1,Toronto Maple Leafs,4,+202,+315,-250,-345
3,2023-01-07,Minnesota Wild,5,Buffalo Sabres,6,-170,-120,+140,+110
4,2023-01-07,St. Louis Blues,4,Montréal Canadiens,5,-240,-155,+195,+136
5,2023-01-07,Seattle Kraken,8,Ottawa Senators,4,+106,-105,-128,-105
6,2023-01-07,Colorado Avalanche,3,Edmonton Oilers,2,-134,+110,+112,-125
7,2023-01-07,Los Angeles Kings,5,Vegas Golden Knights,1,+140,+143,-170,-145
8,2023-01-07,Boston Bruins,4,San Jose Sharks,2,-210,-245,+172,+215
0,2023-01-08,Vancouver Canucks,4,Winnipeg Jets,7,+146,+150,-176,-160
1,2023-01-08,Florida Panthers,1,Dallas Stars,5,+130,+114,-156,-125
2,2023-01-08,Columbus Blue Jackets,0,Washington Capitals,1,+225,+300,-280,-350
3,2023-01-08,St. Louis Blues,3,Minnesota Wild,0,+130,+180,-156,-200
4,2023-01-08,Pittsburgh Penguins,4,Arizona Coyotes,1,-240,-210,+195,+195
5,2023-01-08,Toronto Maple Leafs,6,Philadelphia Flyers,2,-192,-205,+158,+185
6,2023-01-08,Calgary Flames,3,Chicago Blackhawks,4,-275,-345,+220,+290
7,2023-01-08,Boston Bruins,7,Anaheim Ducks,1,-240,-285,+195,+260
0,2023-01-09,Philadelphia Flyers,4,Buffalo Sabres,0,+146,+195,-176,-225
1,2023-01-09,Seattle Kraken,4,Montréal Canadiens,0,-166,-205,+138,+184
2,2023-01-09,Nashville Predators,3,Ottawa Senators,0,-128,+102,+106,-118
3,2023-01-09,Edmonton Oilers,3,Los Angeles Kings,6,-110,-110,-110,-105
0,2023-01-10,New Jersey Devils,5,Carolina Hurricanes,3,+114,+130,-134,-145
1,2023-01-10,Seattle Kraken,4,Buffalo Sabres,3,-110,+100,-110,-114
2,2023-01-10,Winnipeg Jets,5,Detroit Red Wings,7,-134,-130,+112,+115
3,2023-01-10,Columbus Blue Jackets,3,Tampa Bay Lightning,6,+365,+360,-490,-420
4,2023-01-10,Vancouver Canucks,4,Pittsburgh Penguins,5,+188,+163,-230,-178
5,2023-01-10,Minnesota Wild,3,New York Rangers,4,+108,+120,-130,-137
6,2023-01-10,Dallas Stars,2,New York Islanders,1,-110,-114,-110,+100
7,2023-01-10,Calgary Flames,3,St. Louis Blues,4,-120,-165,+100,+145
8,2023-01-10,San Jose Sharks,4,Arizona Coyotes,2,-142,-140,+118,+120
9,2023-01-10,Florida Panthers,5,Colorado Avalanche,4,+136,+110,-164,-125
0,2023-01-11,Washington Capitals,3,Philadelphia Flyers,5,-150,-175,+125,+172
1,2023-01-11,Nashville Predators,1,Toronto Maple Leafs,2,+168,+155,-205,-175
2,2023-01-11,Edmonton Oilers,6,Anaheim Ducks,2,-250,-245,+198,+210
3,2023-01-11,San Jose Sharks,3,Los Angeles Kings,4,+155,+175,-188,-200
0,2023-01-12,Nashville Predators,3,Montréal Canadiens,4,-156,-145,+130,+155
1,2023-01-12,Winnipeg Jets,4,Buffalo Sabres,2,-130,-120,+108,+110
2,2023-01-12,Dallas Stars,1,New York Rangers,2,-102,+115,-118,-125
3,2023-01-12,Toronto Maple Leafs,1,Detroit Red Wings,4,-178,-134,+146,+123
4,2023-01-12,Carolina Hurricanes,6,Columbus Blue Jackets,2,-330,-325,+265,+285
5,2023-01-12,Seattle Kraken,3,Boston Bruins,0,+168,+200,-205,-225
6,2023-01-12,Vancouver Canucks,4,Tampa Bay Lightning,5,+220,+230,-275,-245
7,2023-01-12,Minnesota Wild,3,New York Islanders,1,-114,-110,-105,-105
8,2023-01-12,Calgary Flames,4,St. Louis Blues,1,-146,-155,+122,+150
9,2023-01-12,Colorado Avalanche,2,Chicago Blackhawks,3,-320,-320,+255,+270
10,2023-01-12,Ottawa Senators,5,Arizona Coyotes,3,-142,-150,+118,+140
11,2023-01-12,Florida Panthers,2,Vegas Golden Knights,4,+112,+115,-134,-110
0,2023-01-13,Winnipeg Jets,4,Pittsburgh Penguins,1,+155,+145,-188,-165
1,2023-01-13,New Jersey Devils,6,Anaheim Ducks,2,-280,-330,+225,+275
2,2023-01-13,Edmonton Oilers,7,San Jose Sharks,1,-170,-160,+140,+150
0,2023-01-14,Calgary Flames,6,Dallas Stars,5,+100,-105,-120,-110
1,2023-01-14,Montréal Canadiens,1,New York Islanders,2,+188,+205,-230,-220
2,2023-01-14,Vancouver Canucks,3,Florida Panthers,4,+188,+185,-230,-205
3,2023-01-14,Ottawa Senators,0,Colorado Avalanche,7,+176,+145,-215,-159
4,2023-01-14,Toronto Maple Leafs,3,Boston Bruins,4,+128,+138,-154,-145
5,2023-01-14,Philadelphia Flyers,3,Washington Capitals,1,+130,+185,-156,+185
6,2023-01-14,Columbus Blue Jackets,4,Detroit Red Wings,3,+215,+205,-265,-225
7,2023-01-14,Pittsburgh Penguins,1,Carolina Hurricanes,2,+130,+185,-156,-205
8,2023-01-14,Buffalo Sabres,5,Nashville Predators,3,+130,+118,-156,-125
9,2023-01-14,Arizona Coyotes,1,Minnesota Wild,2,+285,+310,-365,-350
10,2023-01-14,Seattle Kraken,8,Chicago Blackhawks,5,-275,-220,+220,+200
11,2023-01-14,Tampa Bay Lightning,4,St. Louis Blues,2,-156,-182,+130,+165
12,2023-01-14,Edmonton Oilers,4,Vegas Golden Knights,3,+130,+115,-156,-130
13,2023-01-14,New Jersey Devils,5,Los Angeles Kings,2,+105,+110,-126,-117
0,2023-01-15,Montréal Canadiens,2,New York Rangers,1,+220,+325,-275,-375
1,2023-01-15,Vancouver Canucks,4,Carolina Hurricanes,3,+188,+240,-230,-275
2,2023-01-15,Arizona Coyotes,1,Winnipeg Jets,2,+285,+310,-365,-345
0,2023-01-16,Florida Panthers,4,Buffalo Sabres,1,-137,-125,+114,+186
1,2023-01-16,Philadelphia Flyers,0,Boston Bruins,6,+198,+250,-245,-286
2,2023-01-16,Detroit Red Wings,3,Colorado Avalanche,6,+195,+185,-240,-195
3,2023-01-16,New Jersey Devils,4,San Jose Sharks,3,-188,-190,+155,+170
4,2023-01-16,Tampa Bay Lightning,4,Seattle Kraken,1,-126,-140,+105,+125
5,2023-01-16,Dallas Stars,4,Vegas Golden Knights,0,+114,+100,-137,-110
6,2023-01-16,New York Rangers,3,Columbus Blue Jackets,1,-225,-165,+184,+150
7,2023-01-16,Anaheim Ducks,3,Pittsburgh Penguins,4,+250,+275,-315,-330
8,2023-01-16,Washington Capitals,4,New York Islanders,3,+105,-108,-126,-110
9,2023-01-16,Calgary Flames,1,Nashville Predators,2,-150,-130,+125,+122
10,2023-01-16,Ottawa Senators,1,St. Louis Blues,2,+118,-110,-142,-104
0,2023-01-17,Anaheim Ducks,2,Philadelphia Flyers,5,+150,+185,-182,-205
1,2023-01-17,Minnesota Wild,4,Washington Capitals,2,+105,-135,-126,+126
2,2023-01-17,Winnipeg Jets,1,Montréal Canadiens,4,-194,-230,+160,+215
3,2023-01-17,Florida Panthers,4,Toronto Maple Leafs,5,+150,+158,-182,-160
4,2023-01-17,Columbus Blue Jackets,1,Nashville Predators,2,+162,+180,-196,-210
5,2023-01-17,Buffalo Sabres,3,Chicago Blackhawks,4,-114,-190,-105,+170
6,2023-01-17,Seattle Kraken,2,Edmonton Oilers,5,+126,+160,-152,-180
7,2023-01-17,Detroit Red Wings,3,Arizona Coyotes,4,-178,-130,+146,+115
0,2023-01-18,Pittsburgh Penguins,4,Ottawa Senators,5,-164,-105,+136,-105
1,2023-01-18,Boston Bruins,4,New York Islanders,1,-172,-190,+142,+170
2,2023-01-18,Colorado Avalanche,4,Calgary Flames,1,+126,+130,-152,-135
3,2023-01-18,Tampa Bay Lightning,5,Vancouver Canucks,2,-196,-150,+162,+145
4,2023-01-18,Dallas Stars,3,San Jose Sharks,5,-192,-155,+158,+140
0,2023-01-19,Boston Bruins,3,New York Rangers,1,+104,-110,-125,-105
1,2023-01-19,Anaheim Ducks,5,Columbus Blue Jackets,3,+104,+145,-125,-165
2,2023-01-19,Winnipeg Jets,1,Toronto Maple Leafs,4,+128,+150,-154,-165
3,2023-01-19,Chicago Blackhawks,4,Philadelphia Flyers,1,+172,+198,-205,-225
4,2023-01-19,Florida Panthers,6,Montréal Canadiens,2,-245,-240,+198,+205
5,2023-01-19,Minnesota Wild,2,Carolina Hurricanes,5,+136,+158,-164,-175
6,2023-01-19,New York Islanders,2,Buffalo Sabres,3,-110,+114,-110,-120
7,2023-01-19,Nashville Predators,2,St. Louis Blues,5,+100,-120,-120,+105
8,2023-01-19,Washington Capitals,4,Arizona Coyotes,0,-194,-210,+160,+200
9,2023-01-19,Tampa Bay Lightning,3,Edmonton Oilers,5,-128,+110,+106,-120
10,2023-01-19,Detroit Red Wings,3,Vegas Golden Knights,2,+128,+150,-154,-165
11,2023-01-19,New Jersey Devils,3,Seattle Kraken,4,-105,-130,-114,+120
12,2023-01-19,Dallas Stars,4,Los Angeles Kings,0,+106,+125,-128,-135
0,2023-01-20,Ottawa Senators,1,Pittsburgh Penguins,4,+132,+140,-160,-160
1,2023-01-20,Colorado Avalanche,4,Vancouver Canucks,1,-196,-145,+162,+130
0,2023-01-21,Anaheim Ducks,3,Buffalo Sabres,6,+215,+240,-255,-275
1,2023-01-21,Tampa Bay Lightning,3,Calgary Flames,6,-105,-105,-115,-110
2,2023-01-21,Minnesota Wild,3,Florida Panthers,5,+112,+102,-134,-115
3,2023-01-21,Toronto Maple Leafs,2,Montréal Canadiens,3,-275,-360,+230,+300
4,2023-01-21,Philadelphia Flyers,2,Detroit Red Wings,1,+130,+120,-156,-135
5,2023-01-21,San Jose Sharks,3,Columbus Blue Jackets,5,-142,-135,+118,+117
6,2023-01-21,Winnipeg Jets,5,Ottawa Senators,1,-146,-135,+122,+120
7,2023-01-21,Carolina Hurricanes,5,New York Islanders,2,-142,-175,+118,+155
8,2023-01-21,Arizona Coyotes,0,Dallas Stars,4,+280,+280,-360,-350
9,2023-01-21,Chicago Blackhawks,5,St. Louis Blues,3,+215,+245,-255,-250
10,2023-01-21,Los Angeles Kings,3,Nashville Predators,5,+114,+100,-137,-115
11,2023-01-21,Colorado Avalanche,2,Seattle Kraken,1,-137,-105,+114,-110
12,2023-01-21,Washington Capitals,2,Vegas Golden Knights,6,+100,+115,-120,-110
13,2023-01-21,Edmonton Oilers,4,Vancouver Canucks,2,-155,-195,+135,+180
0,2023-01-22,Pittsburgh Penguins,1,New Jersey Devils,2,+108,+130,-130,-140
1,2023-01-22,San Jose Sharks,0,Boston Bruins,4,+245,+320,-310,-375
2,2023-01-22,Los Angeles Kings,2,Chicago Blackhawks,1,-182,-225,+150,+195
3,2023-01-22,Winnipeg Jets,5,Philadelphia Flyers,3,-140,-155,+116,+140
4,2023-01-22,Vegas Golden Knights,1,Arizona Coyotes,4,-245,-210,+198,+190
0,2023-01-23,Florida Panthers,2,New York Rangers,6,+104,+140,-125,-155
1,2023-01-23,New York Islanders,2,Toronto Maple Leafs,5,+164,+192,-200,-225
2,2023-01-23,Buffalo Sabres,3,Dallas Stars,2,+190,+165,-235,-180
3,2023-01-23,Columbus Blue Jackets,3,Calgary Flames,4,+280,+290,-360,-335
0,2023-01-24,Florida Panthers,6,Pittsburgh Penguins,7,+118,+150,-142,-165
1,2023-01-24,Minnesota Wild,2,Tampa Bay Lightning,4,-105,+146,-115,-160
2,2023-01-24,San Jose Sharks,2,Detroit Red Wings,3,+122,+125,-146,-135
3,2023-01-24,Los Angeles Kings,4,Philadelphia Flyers,3,-182,-125,+150,+116
4,2023-01-24,Boston Bruins,4,Montréal Canadiens,2,-320,-390,+255,+325
5,2023-01-24,Vegas Golden Knights,2,New Jersey Devils,3,+128,+160,-154,-170
6,2023-01-24,Buffalo Sabres,5,St. Louis Blues,3,+140,+120,-170,-130
7,2023-01-24,Winnipeg Jets,1,Nashville Predators,2,-108,-115,-111,+100
8,2023-01-24,Washington Capitals,2,Colorado Avalanche,3,+146,+115,-178,-125
9,2023-01-24,Anaheim Ducks,5,Arizona Coyotes,2,+112,+110,-134,-125
10,2023-01-24,Chicago Blackhawks,2,Vancouver Canucks,5,+176,+205,-215,-225
0,2023-01-25,New York Rangers,2,Toronto Maple Leafs,3,+122,+136,-146,-152
1,2023-01-25,New York Islanders,1,Ottawa Senators,2,-108,+112,-111,-120
2,2023-01-25,Carolina Hurricanes,3,Dallas Stars,2,-110,-115,-110,-104
3,2023-01-25,Columbus Blue Jackets,3,Edmonton Oilers,2,+300,+310,-385,-380
4,2023-01-25,Vancouver Canucks,1,Seattle Kraken,6,+162,+160,-196,-165
0,2023-01-26,Detroit Red Wings,4,Montréal Canadiens,3,-102,-150,-118,+140
1,2023-01-26,Boston Bruins,2,Tampa Bay Lightning,3,+114,+100,-137,-105
2,2023-01-26,Pittsburgh Penguins,2,Washington Capitals,3,+110,+110,-132,-125
3,2023-01-26,Philadelphia Flyers,2,Minnesota Wild,3,+195,+202,-240,-225
4,2023-01-26,New Jersey Devils,4,Nashville Predators,6,-118,-118,-102,+105
5,2023-01-26,Buffalo Sabres,3,Winnipeg Jets,2,+164,+158,-200,-175
6,2023-01-26,Anaheim Ducks,5,Colorado Avalanche,3,+320,+340,-420,-400
7,2023-01-26,St. Louis Blues,0,Arizona Coyotes,5,-176,-150,+146,+136
8,2023-01-26,Chicago Blackhawks,5,Calgary Flames,1,+315,+340,-410,-400
0,2023-01-27,Los Angeles Kings,4,Florida Panthers,3,+126,+120,-152,-135
1,2023-01-27,San Jose Sharks,4,Carolina Hurricanes,5,+240,+240,-300,-260
2,2023-01-27,Vegas Golden Knights,1,New York Rangers,4,+132,+125,-160,-130
3,2023-01-27,Detroit Red Wings,0,New York Islanders,2,+114,+160,-137,-180
4,2023-01-27,Ottawa Senators,6,Toronto Maple Leafs,2,+172,+176,-210,-200
5,2023-01-27,New Jersey Devils,3,Dallas Stars,2,+112,+135,-134,-155
6,2023-01-27,Columbus Blue Jackets,2,Vancouver Canucks,5,+128,+160,-154,-170
7,2023-01-27,Calgary Flames,5,Seattle Kraken,2,-110,+100,-110,-113
0,2023-01-28,St. Louis Blues,2,Colorado Avalanche,4,+195,+195,-240,-215
1,2023-01-28,Boston Bruins,3,Florida Panthers,4,-150,-154,+125,+140
2,2023-01-28,Los Angeles Kings,2,Tampa Bay Lightning,5,+164,+200,-200,-215
3,2023-01-28,Philadelphia Flyers,4,Winnipeg Jets,0,+180,+190,-220,-215
4,2023-01-28,San Jose Sharks,6,Pittsburgh Penguins,4,+195,+210,-240,-240
5,2023-01-28,Montréal Canadiens,0,Ottawa Senators,5,+160,+210,-194,-230
6,2023-01-28,Vegas Golden Knights,1,New York Islanders,2,-108,-115,-111,+100
7,2023-01-28,Buffalo Sabres,2,Minnesota Wild,3,+162,+155,-196,-175
8,2023-01-28,Columbus Blue Jackets,1,Seattle Kraken,3,+195,+220,-240,-250
9,2023-01-28,Chicago Blackhawks,3,Edmonton Oilers,7,+255,+350,-320,-400
10,2023-01-28,Arizona Coyotes,1,Anaheim Ducks,2,+140,-104,-170,-110
0,2023-01-29,Washington Capitals,1,Toronto Maple Leafs,5,+122,+120,-146,-140
1,2023-01-29,Boston Bruins,1,Carolina Hurricanes,4,+114,+110,-137,-125
0,2023-01-30,St. Louis Blues,2,Winnipeg Jets,4,+146,+196,-178,-225
0,2023-01-31,Los Angeles Kings,4,Carolina Hurricanes,5,+180,+180,-210,-195
1,2023-01-31,Ottawa Senators,5,Montréal Canadiens,4,-175,-200,+150,+176
2,2023-01-31,Washington Capitals,4,Columbus Blue Jackets,3,-215,-210,+185,+190
0,2023-02-01,Boston Bruins,5,Toronto Maple Leafs,2,+100,-129,-120,+115
1,2023-02-01,Carolina Hurricanes,5,Buffalo Sabres,1,-156,-145,+130,+125
0,2023-02-04,Carolina Hurricanes,1,Carolina Hurricanes,6,-125,-115,+105,-105
1,2023-02-04,Carolina Hurricanes,1,Carolina Hurricanes,0,+100,+115,-120,-135
2,2023-02-04,Carolina Hurricanes,L,Carolina Hurricanes,7,+105,N/AN,-125,/A
0,2023-02-06,Tampa Bay Lightning,1,Florida Panthers,7,-125,-120,+105,+102
1,2023-02-06,New York Islanders,2,Philadelphia Flyers,1,-130,-125,+110,+110
2,2023-02-06,Vancouver Canucks,4,New Jersey Devils,5,+185,+210,-215,-245
3,2023-02-06,Calgary Flames,4,New York Rangers,5,+100,-110,-120,-105
4,2023-02-06,Anaheim Ducks,2,Dallas Stars,3,+280,+325,-340,-370
5,2023-02-06,Minnesota Wild,2,Arizona Coyotes,3,-225,-225,+190,+205
0,2023-02-07,San Jose Sharks,4,Tampa Bay Lightning,3,+245,+200,-310,-225
1,2023-02-07,Colorado Avalanche,1,Pittsburgh Penguins,2,-126,-110,+105,-105
2,2023-02-07,Edmonton Oilers,5,Detroit Red Wings,2,-162,-170,+134,+150
3,2023-02-07,Seattle Kraken,0,New York Islanders,4,-110,+105,-110,-110
4,2023-02-07,Vegas Golden Knights,5,Nashville Predators,1,-102,+102,-118,-115
5,2023-02-07,Anaheim Ducks,3,Chicago Blackhawks,2,-106,+108,-113,-125
0,2023-02-08,Vancouver Canucks,3,New York Rangers,4,+190,+215,-235,-235
1,2023-02-08,Minnesota Wild,1,Dallas Stars,4,+106,+135,-128,-150
0,2023-02-09,San Jose Sharks,1,Florida Panthers,4,+198,+185,-245,-215
1,2023-02-09,Seattle Kraken,1,New Jersey Devils,3,+126,+145,-152,-125
2,2023-02-09,Calgary Flames,1,Detroit Red Wings,2,-170,-154,+140,+135
3,2023-02-09,Colorado Avalanche,0,Tampa Bay Lightning,5,+104,+126,-125,-143
4,2023-02-09,Edmonton Oilers,1,Philadelphia Flyers,2,-162,-182,+134,+170
5,2023-02-09,Vancouver Canucks,6,New York Islanders,5,+205,+200,-260,-225
6,2023-02-09,Vegas Golden Knights,5,Minnesota Wild,1,-110,+100,-110,-115
0,2023-02-10,Toronto Maple Leafs,3,Columbus Blue Jackets,0,-240,-245,+195,+215
1,2023-02-10,Seattle Kraken,3,New York Rangers,6,+150,+170,-182,-190
2,2023-02-10,Arizona Coyotes,3,Chicago Blackhawks,4,-110,-105,-110,-105
3,2023-02-10,Pittsburgh Penguins,6,Anaheim Ducks,3,-192,-255,+158,+220
0,2023-02-11,Vancouver Canucks,2,Detroit Red Wings,5,+126,+115,-152,-128
1,2023-02-11,New York Islanders,3,Montréal Canadiens,4,-170,-205,+140,+185
2,2023-02-11,Nashville Predators,2,Philadelphia Flyers,1,-146,-125,+122,+112
3,2023-02-11,Edmonton Oilers,6,Ottawa Senators,3,-145,-145,+125,+125
4,2023-02-11,Calgary Flames,7,Buffalo Sabres,2,-137,-130,+114,+122
5,2023-02-11,Tampa Bay Lightning,3,Dallas Stars,1,-105,-104,-115,-105
6,2023-02-11,Washington Capitals,2,Boston Bruins,1,+160,+170,-190,-180
7,2023-02-11,Colorado Avalanche,5,Florida Panthers,3,+100,+125,-120,-135
8,2023-02-11,New York Rangers,6,Carolina Hurricanes,2,+126,+175,-152,-205
9,2023-02-11,Columbus Blue Jackets,4,Toronto Maple Leafs,3,+235,+300,-295,-345
10,2023-02-11,Arizona Coyotes,5,St. Louis Blues,6,+160,+180,-194,-200
11,2023-02-11,New Jersey Devils,2,Minnesota Wild,3,+100,+106,-120,-110
12,2023-02-11,Chicago Blackhawks,1,Winnipeg Jets,4,+255,+315,-320,-360
13,2023-02-11,Pittsburgh Penguins,0,Los Angeles Kings,6,-110,+105,-110,-120
0,2023-02-12,Edmonton Oilers,2,Montréal Canadiens,6,-275,-275,+220,+230
1,2023-02-12,Seattle Kraken,4,Philadelphia Flyers,3,-150,-155,+127,+135
2,2023-02-12,San Jose Sharks,4,Washington Capitals,1,+179,+160,-215,-175
3,2023-02-12,Anaheim Ducks,2,Vegas Golden Knights,7,+280,+290,-340,-345
0,2023-02-13,Calgary Flames,3,Ottawa Senators,4,-142,-165,+116,+150
1,2023-02-13,Florida Panthers,2,Minnesota Wild,1,+105,-110,-126,-105
2,2023-02-13,Arizona Coyotes,4,Nashville Predators,2,+176,+215,-215,-240
3,2023-02-13,Detroit Red Wings,6,Vancouver Canucks,1,+100,+107,-120,-110
4,2023-02-13,Buffalo Sabres,2,Los Angeles Kings,5,+122,+123,-146,-135
0,2023-02-14,Carolina Hurricanes,3,Washington Capitals,2,-142,-160,+118,+155
1,2023-02-14,Chicago Blackhawks,0,Montréal Canadiens,4,+120,+125,-144,-140
2,2023-02-14,Ottawa Senators,3,New York Islanders,2,+140,+170,-170,-200
3,2023-02-14,New Jersey Devils,3,Columbus Blue Jackets,2,-210,-200,+172,+180
4,2023-02-14,Seattle Kraken,2,Winnipeg Jets,3,+112,+115,-134,-130
5,2023-02-14,Florida Panthers,2,St. Louis Blues,6,-126,-130,+105,+120
6,2023-02-14,Boston Bruins,3,Dallas Stars,2,-122,-120,+102,+105
7,2023-02-14,Tampa Bay Lightning,4,Colorado Avalanche,3,+106,-115,-128,+105
8,2023-02-14,Pittsburgh Penguins,3,San Jose Sharks,1,-170,-165,+140,+165
0,2023-02-15,Chicago Blackhawks,2,Toronto Maple Leafs,5,+290,+460,-375,-550
1,2023-02-15,Tampa Bay Lightning,0,Arizona Coyotes,1,-245,-250,+198,+210
2,2023-02-15,Colorado Avalanche,3,Minnesota Wild,2,+104,+110,-125,-125
3,2023-02-15,Detroit Red Wings,5,Edmonton Oilers,4,+198,+205,-245,-240
4,2023-02-15,New York Rangers,6,Vancouver Canucks,4,-175,-190,+150,+180
5,2023-02-15,Buffalo Sabres,7,Anaheim Ducks,3,-200,-200,+170,+185
0,2023-02-16,Florida Panthers,6,Washington Capitals,3,-128,-117,+106,+105
1,2023-02-16,Winnipeg Jets,1,Columbus Blue Jackets,3,-210,-184,+172,+170
2,2023-02-16,Montréal Canadiens,2,Carolina Hurricanes,6,+300,+390,-385,-435
3,2023-02-16,Boston Bruins,5,Nashville Predators,0,-156,-175,+130,+158
4,2023-02-16,New Jersey Devils,2,St. Louis Blues,4,-150,-140,+125,+130
5,2023-02-16,Detroit Red Wings,5,Calgary Flames,2,+210,+235,-260,-275
6,2023-02-16,San Jose Sharks,1,Vegas Golden Knights,2,+210,+170,-260,-180
7,2023-02-16,Philadelphia Flyers,2,Seattle Kraken,6,+168,+165,-205,-180
0,2023-02-17,Chicago Blackhawks,4,Ottawa Senators,3,+168,+230,-205,-250
1,2023-02-17,Pittsburgh Penguins,4,New York Islanders,5,-110,+112,-110,-124
2,2023-02-17,Dallas Stars,1,Minnesota Wild,2,+100,-110,-120,+100
3,2023-02-17,New York Rangers,5,Edmonton Oilers,4,+104,+120,-125,-129
4,2023-02-17,Los Angeles Kings,6,Anaheim Ducks,3,-205,-245,+168,+230
0,2023-02-18,Colorado Avalanche,4,St. Louis Blues,1,-166,-175,+138,+165
1,2023-02-18,Florida Panthers,3,Nashville Predators,7,-126,-132,+105,+125
2,2023-02-18,New York Islanders,2,Boston Bruins,6,+168,+225,-205,-255
3,2023-02-18,New Jersey Devils,5,Pittsburgh Penguins,2,-110,-125,-110,+120
4,2023-02-18,Columbus Blue Jackets,4,Dallas Stars,1,+195,+245,-240,-285
5,2023-02-18,Montréal Canadiens,1,Toronto Maple Leafs,5,+285,+350,-365,-420
6,2023-02-18,Washington Capitals,1,Carolina Hurricanes,4,+168,+170,-205,-190
7,2023-02-18,Philadelphia Flyers,2,Vancouver Canucks,6,+112,+105,-134,-120
8,2023-02-18,New York Rangers,2,Calgary Flames,3,+128,+135,-154,-140
9,2023-02-18,Buffalo Sabres,4,San Jose Sharks,2,+105,-120,-126,+105
10,2023-02-18,Detroit Red Wings,2,Seattle Kraken,4,+130,+155,-156,-175
11,2023-02-18,Arizona Coyotes,5,Los Angeles Kings,6,+180,+205,-220,-230
12,2023-02-18,Tampa Bay Lightning,4,Vegas Golden Knights,5,-108,-129,-111,+115
0,2023-02-19,Nashville Predators,3,Minnesota Wild,4,+126,+170,-152,-176
1,2023-02-19,St. Louis Blues,2,Ottawa Senators,7,+126,+160,-152,-175
2,2023-02-19,Edmonton Oilers,5,Colorado Avalanche,6,+105,-110,-125,+105
3,2023-02-19,Toronto Maple Leafs,3,Chicago Blackhawks,5,-255,-315,+205,+265
4,2023-02-19,Winnipeg Jets,2,New Jersey Devils,4,+105,+105,-126,-120
5,2023-02-19,Columbus Blue Jackets,2,Arizona Coyotes,3,+114,+112,-135,-125
0,2023-02-20,Ottawa Senators,1,Boston Bruins,3,+188,+320,-230,-350
1,2023-02-20,Anaheim Ducks,3,Florida Panthers,4,+310,+350,-400,-410
2,2023-02-20,Philadelphia Flyers,4,Calgary Flames,3,+184,+215,-225,-245
3,2023-02-20,Seattle Kraken,0,San Jose Sharks,4,-154,-162,+128,+150
4,2023-02-20,New York Islanders,4,Pittsburgh Penguins,2,+112,+145,-134,-155
5,2023-02-20,Winnipeg Jets,4,New York Rangers,1,+125,+146,-150,-165
0,2023-02-21,Anaheim Ducks,1,Tampa Bay Lightning,6,+365,+450,-490,-520
1,2023-02-21,St. Louis Blues,1,Carolina Hurricanes,4,+215,+300,-265,-345
2,2023-02-21,Detroit Red Wings,3,Washington Capitals,1,+132,+135,-160,-150
3,2023-02-21,Montréal Canadiens,5,New Jersey Devils,2,+275,+310,-350,-345
4,2023-02-21,Toronto Maple Leafs,6,Buffalo Sabres,3,-164,-167,+136,+155
5,2023-02-21,Vancouver Canucks,4,Nashville Predators,5,+140,+145,-165,-155
6,2023-02-21,Los Angeles Kings,1,Minnesota Wild,2,+110,+110,-130,-125
7,2023-02-21,Vegas Golden Knights,2,Chicago Blackhawks,3,-280,-265,+235,+235
8,2023-02-21,Philadelphia Flyers,2,Edmonton Oilers,4,+245,+280,-295,-330
0,2023-02-22,Winnipeg Jets,1,New York Islanders,2,+112,-105,-134,-109
1,2023-02-22,Chicago Blackhawks,4,Dallas Stars,3,+290,+365,-375,-425
2,2023-02-22,Calgary Flames,6,Arizona Coyotes,3,-205,-225,+168,+205
0,2023-02-23,Minnesota Wild,2,Columbus Blue Jackets,0,-196,-175,+162,+158
1,2023-02-23,Los Angeles Kings,3,New Jersey Devils,4,+112,+125,-134,-140
2,2023-02-23,Buffalo Sabres,6,Tampa Bay Lightning,5,+198,+190,-245,-225
3,2023-02-23,Anaheim Ducks,4,Washington Capitals,2,+184,+270,-225,-315
4,2023-02-23,Edmonton Oilers,7,Pittsburgh Penguins,2,+100,-104,-120,-110
5,2023-02-23,New York Rangers,1,Detroit Red Wings,4,-137,-150,+114,+148
6,2023-02-23,Vancouver Canucks,3,St. Louis Blues,2,+104,+108,-125,-120
7,2023-02-23,Calgary Flames,3,Vegas Golden Knights,4,+140,+115,-170,-129
8,2023-02-23,Boston Bruins,6,Seattle Kraken,5,-182,-175,+150,+155
9,2023-02-23,Nashville Predators,6,San Jose Sharks,2,-134,-115,+112,+100
0,2023-02-24,Minnesota Wild,1,Toronto Maple Leafs,2,+126,+180,-152,-200
1,2023-02-24,Montréal Canadiens,5,Philadelphia Flyers,2,+125,+140,-145,-160
2,2023-02-24,Ottawa Senators,0,Carolina Hurricanes,4,+215,+205,-265,-230
3,2023-02-24,Buffalo Sabres,3,Florida Panthers,1,+168,+170,-205,-194
4,2023-02-24,Los Angeles Kings,3,New York Islanders,2,+112,+118,-134,-130
5,2023-02-24,Colorado Avalanche,5,Winnipeg Jets,1,-140,+100,+116,-110
0,2023-02-25,Edmonton Oilers,5,Columbus Blue Jackets,6,-245,-245,+205,+220
1,2023-02-25,New York Rangers,3,Washington Capitals,6,-140,-140,+120,+132
2,2023-02-25,Pittsburgh Penguins,3,St. Louis Blues,2,-155,-166,+135,+150
3,2023-02-25,Philadelphia Flyers,0,New Jersey Devils,7,+230,+255,-275,-265
4,2023-02-25,Ottawa Senators,5,Montréal Canadiens,2,-170,-150,+145,+140
5,2023-02-25,Anaheim Ducks,3,Carolina Hurricanes,2,+350,+400,-435,-500
6,2023-02-25,Boston Bruins,3,Vancouver Canucks,1,-255,-260,+215,+235
7,2023-02-25,Tampa Bay Lightning,3,Detroit Red Wings,0,-150,-170,+130,+158
8,2023-02-25,Chicago Blackhawks,4,San Jose Sharks,3,+160,+190,-190,-210
9,2023-02-25,Calgary Flames,1,Colorado Avalanche,4,+115,+100,-135,-105
10,2023-02-25,Dallas Stars,3,Vegas Golden Knights,2,+100,+102,-120,-115
0,2023-02-26,Washington Capitals,4,Buffalo Sabres,7,-110,+100,-110,-115
1,2023-02-26,Columbus Blue Jackets,2,Minnesota Wild,3,+237,+250,-297,-295
2,2023-02-26,New York Islanders,4,Winnipeg Jets,0,+114,+126,-137,-140
3,2023-02-26,Los Angeles Kings,2,New York Rangers,5,+116,+145,-140,-155
4,2023-02-26,Tampa Bay Lightning,3,Pittsburgh Penguins,7,-125,-105,+104,-105
5,2023-02-26,Toronto Maple Leafs,5,Seattle Kraken,1,-142,-150,+118,+132
6,2023-02-26,Nashville Predators,6,Arizona Coyotes,2,-170,-164,+145,+145
0,2023-02-27,Detroit Red Wings,2,Ottawa Senators,6,+115,+110,-135,-125
1,2023-02-27,Boston Bruins,3,Edmonton Oilers,2,-130,-125,+110,+110
2,2023-02-27,Vancouver Canucks,5,Dallas Stars,4,+220,+230,-260,-265
3,2023-02-27,Vegas Golden Knights,0,Colorado Avalanche,3,+120,+130,-140,-140
4,2023-02-27,Chicago Blackhawks,2,Anaheim Ducks,4,+115,+115,-135,-125
0,2023-02-28,Detroit Red Wings,1,Ottawa Senators,6,+110,+115,-130,-125
1,2023-02-28,Florida Panthers,4,Tampa Bay Lightning,1,+145,+145,-170,-165
2,2023-02-28,Columbus Blue Jackets,5,Buffalo Sabres,3,+180,+175,-210,-195
3,2023-02-28,New York Islanders,1,Minnesota Wild,2,+125,+122,-145,-140
4,2023-02-28,Pittsburgh Penguins,3,Nashville Predators,1,-125,-135,+105,+120
5,2023-02-28,Seattle Kraken,5,St. Louis Blues,3,-150,-148,+130,+135
6,2023-02-28,Los Angeles Kings,6,Winnipeg Jets,5,+115,+120,-135,-134
7,2023-02-28,Boston Bruins,4,Calgary Flames,3,-120,-130,+100,+115
8,2023-02-28,Chicago Blackhawks,1,Arizona Coyotes,4,+135,+160,-155,-180
9,2023-02-28,Montréal Canadiens,3,San Jose Sharks,1,+125,+140,-145,-155
0,2023-03-01,New York Rangers,3,Philadelphia Flyers,2,-190,-225,+160,+192
1,2023-03-01,Toronto Maple Leafs,2,Edmonton Oilers,5,-125,-106,+105,+100
2,2023-03-01,Arizona Coyotes,2,Dallas Stars,4,+320,+350,-390,-390
3,2023-03-01,New Jersey Devils,7,Colorado Avalanche,5,+105,-105,-125,-110
4,2023-03-01,Carolina Hurricanes,2,Vegas Golden Knights,3,-140,-135,+120,+145
5,2023-03-01,Washington Capitals,3,Anaheim Ducks,2,-190,-195,+160,+185
0,2023-03-02,Buffalo Sabres,1,Boston Bruins,7,+245,+240,-295,-278
1,2023-03-02,Nashville Predators,2,Florida Panthers,1,+140,+192,-165,-220
2,2023-03-02,Ottawa Senators,5,New York Rangers,3,+150,+140,-175,-150
3,2023-03-02,Pittsburgh Penguins,5,Tampa Bay Lightning,4,+145,+145,-170,-160
4,2023-03-02,Seattle Kraken,5,Detroit Red Wings,4,-115,-120,-105,+105
5,2023-03-02,Dallas Stars,5,Chicago Blackhawks,2,-245,-250,+205,+230
6,2023-03-02,Toronto Maple Leafs,2,Calgary Flames,1,-110,+110,-110,-118
7,2023-03-02,Minnesota Wild,2,Vancouver Canucks,1,-165,-150,+140,+140
8,2023-03-02,Montréal Canadiens,2,Los Angeles Kings,3,+190,+220,-225,-245
9,2023-03-02,St. Louis Blues,6,San Jose Sharks,3,+105,+105,-125,-120
0,2023-03-03,Seattle Kraken,4,Columbus Blue Jackets,2,-175,-162,+145,+145
1,2023-03-03,Winnipeg Jets,3,Edmonton Oilers,6,+135,+160,-155,-160
2,2023-03-03,Carolina Hurricanes,6,Arizona Coyotes,1,-355,-335,+275,+340
3,2023-03-03,New Jersey Devils,3,Vegas Golden Knights,4,-115,-102,-105,-109
4,2023-03-03,Montréal Canadiens,2,Anaheim Ducks,3,+120,+100,-140,-114
0,2023-03-04,Detroit Red Wings,1,New York Islanders,4,+165,+170,-200,-195
1,2023-03-04,Tampa Bay Lightning,3,Buffalo Sabres,5,-161,-155,+136,+140
2,2023-03-04,New York Rangers,2,Boston Bruins,4,+142,+155,-172,-170
3,2023-03-04,Colorado Avalanche,3,Dallas Stars,7,-110,+100,-110,-105
4,2023-03-04,Pittsburgh Penguins,1,Florida Panthers,4,+102,+125,-122,-130
5,2023-03-04,Washington Capitals,8,San Jose Sharks,3,-146,-145,+120,+140
6,2023-03-04,Edmonton Oilers,5,Winnipeg Jets,7,-130,-115,+106,+105
7,2023-03-04,Columbus Blue Jackets,2,Ottawa Senators,5,+195,+250,-245,-275
8,2023-03-04,Toronto Maple Leafs,1,Vancouver Canucks,4,-200,-210,+164,+190
9,2023-03-04,Nashville Predators,3,Chicago Blackhawks,1,-215,-225,+185,+205
10,2023-03-04,Minnesota Wild,3,Calgary Flames,0,+125,+136,-145,-155
11,2023-03-04,St. Louis Blues,2,Los Angeles Kings,4,+180,+175,-210,-200
0,2023-03-05,Tampa Bay Lightning,0,Carolina Hurricanes,6,+130,+152,-150,-170
1,2023-03-05,Montréal Canadiens,3,Vegas Golden Knights,4,+255,+228,-305,-265
2,2023-03-05,Detroit Red Wings,1,Philadelphia Flyers,3,-110,+110,-110,-122
3,2023-03-05,New Jersey Devils,5,Arizona Coyotes,4,-315,-355,+260,+290
4,2023-03-05,Seattle Kraken,3,Colorado Avalanche,2,+135,+150,-155,-162
0,2023-03-06,Edmonton Oilers,3,Buffalo Sabres,2,-149,-159,+127,+142
1,2023-03-06,San Jose Sharks,3,Winnipeg Jets,2,+180,+175,-225,-196
2,2023-03-06,Calgary Flames,5,Dallas Stars,4,+111,+120,-132,-130
3,2023-03-06,Ottawa Senators,0,Chicago Blackhawks,5,-257,-245,+212,+245
4,2023-03-06,Washington Capitals,2,Los Angeles Kings,4,+133,+125,-158,-137
5,2023-03-06,Nashville Predators,3,Vancouver Canucks,4,-110,-110,-110,+102
0,2023-03-07,Toronto Maple Leafs,4,New Jersey Devils,3,+105,+115,-125,-134
1,2023-03-07,Columbus Blue Jackets,4,Pittsburgh Penguins,5,+250,+270,-300,-300
2,2023-03-07,Vegas Golden Knights,1,Florida Panthers,2,+125,+150,-145,-155
3,2023-03-07,Philadelphia Flyers,2,Tampa Bay Lightning,5,+245,+265,-295,-295
4,2023-03-07,Carolina Hurricanes,4,Montréal Canadiens,3,-330,-350,+275,+315
5,2023-03-07,Buffalo Sabres,2,New York Islanders,3,+140,+150,-165,-165
6,2023-03-07,Calgary Flames,1,Minnesota Wild,0,+120,+135,-140,-145
7,2023-03-07,San Jose Sharks,0,Colorado Avalanche,6,+265,+300,-320,-340
8,2023-03-07,St. Louis Blues,2,Arizona Coyotes,6,-135,-139,+115,+122
9,2023-03-07,Anaheim Ducks,2,Seattle Kraken,5,+250,+255,-300,-300
0,2023-03-08,Minnesota Wild,4,Winnipeg Jets,2,+105,+125,-125,-130
1,2023-03-08,Chicago Blackhawks,3,Detroit Red Wings,4,+185,+205,-230,-240
2,2023-03-08,Anaheim Ducks,2,Vancouver Canucks,3,+185,+210,-215,-225
0,2023-03-09,Dallas Stars,0,Buffalo Sabres,4,-145,-165,+125,+150
1,2023-03-09,Philadelphia Flyers,0,Carolina Hurricanes,1,+300,+350,-365,-390
2,2023-03-09,Vegas Golden Knights,4,Tampa Bay Lightning,3,+135,+155,-155,-175
3,2023-03-09,New York Rangers,4,Montréal Canadiens,3,-275,-275,+230,+235
4,2023-03-09,New Jersey Devils,3,Washington Capitals,2,-145,-140,+125,+130
5,2023-03-09,New York Islanders,4,Pittsburgh Penguins,3,+115,+126,-135,-140
6,2023-03-09,Edmonton Oilers,3,Boston Bruins,2,+150,+140,-175,-150
7,2023-03-09,San Jose Sharks,2,St. Louis Blues,4,+120,+135,-140,-150
8,2023-03-09,Nashville Predators,1,Arizona Coyotes,4,-170,-175,+145,+160
9,2023-03-09,Los Angeles Kings,5,Colorado Avalanche,2,+140,+140,-165,-160
10,2023-03-09,Ottawa Senators,5,Seattle Kraken,4,+125,+115,-145,-124
0,2023-03-10,Chicago Blackhawks,3,Florida Panthers,4,+290,+375,-375,-450
1,2023-03-10,Anaheim Ducks,3,Calgary Flames,1,+290,+330,-350,-390
0,2023-03-11,Detroit Red Wings,2,Boston Bruins,3,+260,+335,-315,-380
1,2023-03-11,Philadelphia Flyers,1,Pittsburgh Penguins,5,+225,+230,-265,-265
2,2023-03-11,New York Rangers,2,Buffalo Sabres,1,-155,-155,+135,+146
3,2023-03-11,Arizona Coyotes,2,Colorado Avalanche,3,+330,+370,-410,-450
4,2023-03-11,St. Louis Blues,5,Columbus Blue Jackets,2,-115,-125,-105,+115
5,2023-03-11,Chicago Blackhawks,1,Tampa Bay Lightning,3,+400,+400,-500,-490
6,2023-03-11,Edmonton Oilers,4,Toronto Maple Leafs,7,+110,+107,-130,-122
7,2023-03-11,New Jersey Devils,3,Montréal Canadiens,1,-260,-275,+220,+240
8,2023-03-11,Vegas Golden Knights,4,Carolina Hurricanes,0,+160,+190,-190,-210
9,2023-03-11,Winnipeg Jets,5,Florida Panthers,4,+115,+115,-135,-130
10,2023-03-11,Washington Capitals,5,New York Islanders,1,+130,+115,-150,-130
11,2023-03-11,Dallas Stars,4,Seattle Kraken,3,-125,-130,+105,+115
12,2023-03-11,Ottawa Senators,2,Vancouver Canucks,5,-130,-125,+110,+106
13,2023-03-11,Nashville Predators,2,Los Angeles Kings,1,+125,+172,-145,-165
14,2023-03-11,Minnesota Wild,5,San Jose Sharks,2,-190,-165,+160,+146
0,2023-03-12,Boston Bruins,3,Detroit Red Wings,5,-245,-230,+205,+205
1,2023-03-12,New York Rangers,2,Pittsburgh Penguins,3,-115,+120,-105,-120
2,2023-03-12,Vegas Golden Knights,5,St. Louis Blues,3,-185,-140,+150,+125
3,2023-03-12,Winnipeg Jets,3,Tampa Bay Lightning,2,+145,+158,-175,-175
4,2023-03-12,Carolina Hurricanes,0,New Jersey Devils,3,-110,+100,-110,-110
5,2023-03-12,Ottawa Senators,1,Calgary Flames,5,+150,+165,-185,-182
6,2023-03-12,Nashville Predators,5,Anaheim Ducks,4,-165,-155,+140,+140
7,2023-03-12,Minnesota Wild,4,Arizona Coyotes,5,-210,-200,+170,+175
0,2023-03-13,Colorado Avalanche,8,Montréal Canadiens,4,-265,-250,+215,+215
1,2023-03-13,Buffalo Sabres,4,Toronto Maple Leafs,3,+190,+210,-235,-230
2,2023-03-13,Dallas Stars,5,Seattle Kraken,2,-132,-120,+110,+110
0,2023-03-14,Winnipeg Jets,3,Carolina Hurricanes,5,+170,+195,-200,-220
1,2023-03-14,Tampa Bay Lightning,4,New Jersey Devils,1,+110,+130,-130,-132
2,2023-03-14,Montréal Canadiens,6,Pittsburgh Penguins,4,+280,+300,-340,-350
3,2023-03-14,Vegas Golden Knights,5,Philadelphia Flyers,3,-190,-180,+160,+165
4,2023-03-14,Washington Capitals,3,New York Rangers,5,+145,+165,-170,-170
5,2023-03-14,Detroit Red Wings,1,Nashville Predators,2,+140,+130,-165,-140
6,2023-03-14,Boston Bruins,3,Chicago Blackhawks,6,-410,-450,+330,+385
7,2023-03-14,Ottawa Senators,3,Edmonton Oilers,6,+175,+188,-205,-210
8,2023-03-14,Dallas Stars,2,Vancouver Canucks,5,-140,-130,+120,+118
9,2023-03-14,Calgary Flames,3,Arizona Coyotes,4,-225,-250,+190,+215
10,2023-03-14,New York Islanders,2,Los Angeles Kings,5,+125,+122,-145,-125
11,2023-03-14,Columbus Blue Jackets,6,San Jose Sharks,5,+135,+130,-155,-140
0,2023-03-15,Colorado Avalanche,2,Toronto Maple Leafs,1,+120,+125,-140,-140
1,2023-03-15,Buffalo Sabres,4,Washington Capitals,5,+100,+112,-120,-115
2,2023-03-15,Minnesota Wild,8,St. Louis Blues,5,-150,+148,+130,+120
3,2023-03-15,New York Islanders,6,Anaheim Ducks,3,-180,-200,+155,+190
0,2023-03-16,Montréal Canadiens,5,Florida Panthers,9,+250,+290,-300,-330
1,2023-03-16,Tampa Bay Lightning,4,New Jersey Devils,3,+120,+115,-140,-130
2,2023-03-16,Colorado Avalanche,5,Ottawa Senators,4,-170,-115,+145,+540
3,2023-03-16,Pittsburgh Penguins,2,New York Rangers,4,+125,+126,-145,-140
4,2023-03-16,Boston Bruins,3,Winnipeg Jets,0,-170,-155,+145,+135
5,2023-03-16,Chicago Blackhawks,2,Nashville Predators,1,+220,+215,-260,-240
6,2023-03-16,Dallas Stars,1,Edmonton Oilers,4,+100,+140,-120,-150
7,2023-03-16,Vancouver Canucks,2,Arizona Coyotes,3,-145,-150,+125,+140
8,2023-03-16,Calgary Flames,7,Vegas Golden Knights,2,+110,-109,-130,+100
9,2023-03-16,Seattle Kraken,2,San Jose Sharks,1,-165,-170,+140,+155
10,2023-03-16,Columbus Blue Jackets,1,Los Angeles Kings,4,+250,+250,-300,-275
0,2023-03-17,Buffalo Sabres,2,Philadelphia Flyers,5,-130,-135,+110,+117
1,2023-03-17,Carolina Hurricanes,2,Toronto Maple Leafs,5,+110,+105,-130,-120
2,2023-03-17,St. Louis Blues,5,Washington Capitals,2,+140,+160,-165,-170
3,2023-03-17,Columbus Blue Jackets,4,Anaheim Ducks,7,+110,+105,-130,-115
0,2023-03-18,Colorado Avalanche,5,Detroit Red Wings,1,-200,-175,+164,+158
1,2023-03-18,Boston Bruins,5,Minnesota Wild,2,-152,-150,+126,+140
2,2023-03-18,Winnipeg Jets,3,Nashville Predators,2,-132,-136,+110,+125
3,2023-03-18,Edmonton Oilers,6,Seattle Kraken,4,-133,-130,+111,+125
4,2023-03-18,Carolina Hurricanes,5,Philadelphia Flyers,4,-195,-235,+165,+210
5,2023-03-18,New Jersey Devils,2,Florida Panthers,4,-105,+105,-115,-115
6,2023-03-18,Montréal Canadiens,3,Tampa Bay Lightning,5,+300,+285,-365,-295
7,2023-03-18,Toronto Maple Leafs,5,Ottawa Senators,4,-140,-130,+120,+122
8,2023-03-18,Pittsburgh Penguins,0,New York Rangers,6,+125,+130,-145,-145
9,2023-03-18,Vancouver Canucks,3,Los Angeles Kings,2,+160,+165,-190,-185
10,2023-03-18,Dallas Stars,6,Calgary Flames,5,+105,+120,-125,-126
11,2023-03-18,Chicago Blackhawks,2,Arizona Coyotes,4,+130,+128,-150,-145
12,2023-03-18,New York Islanders,4,San Jose Sharks,1,-170,-180,+145,+160
0,2023-03-19,Boston Bruins,7,Buffalo Sabres,0,-175,-170,+150,+155
1,2023-03-19,Washington Capitals,3,Minnesota Wild,5,+135,+130,-155,-140
2,2023-03-19,Columbus Blue Jackets,2,Vegas Golden Knights,7,+260,+265,-315,-315
3,2023-03-19,Nashville Predators,0,New York Rangers,7,+160,+220,-190,-230
4,2023-03-19,Winnipeg Jets,0,St. Louis Blues,3,-125,-130,+105,+122
5,2023-03-19,New Jersey Devils,5,Tampa Bay Lightning,2,+120,+110,-140,-115
6,2023-03-19,Vancouver Canucks,2,Anaheim Ducks,1,-125,-130,+105,+116
0,2023-03-20,Ottawa Senators,2,Pittsburgh Penguins,1,+140,+150,-165,-160
1,2023-03-20,Florida Panthers,5,Detroit Red Wings,2,-170,-190,+142,+175
2,2023-03-20,Chicago Blackhawks,0,Colorado Avalanche,5,+350,+330,-435,-390
3,2023-03-20,San Jose Sharks,4,Edmonton Oilers,5,+255,+285,-305,-315
4,2023-03-20,Calgary Flames,2,Los Angeles Kings,8,-105,-110,-115,-102
0,2023-03-21,Ottawa Senators,1,Boston Bruins,2,+225,+255,-280,-295
1,2023-03-21,Minnesota Wild,2,New Jersey Devils,1,+140,+155,-165,-175
2,2023-03-21,Columbus Blue Jackets,7,Washington Capitals,6,+220,+210,-260,-230
3,2023-03-21,Florida Panthers,3,Philadelphia Flyers,6,-170,-155,+145,+150
4,2023-03-21,Nashville Predators,7,Buffalo Sabres,3,+115,+140,-135,-155
5,2023-03-21,Tampa Bay Lightning,2,Montréal Canadiens,3,-275,-245,+220,+230
6,2023-03-21,Carolina Hurricanes,3,New York Rangers,2,-110,+105,-110,-110
7,2023-03-21,Toronto Maple Leafs,2,New York Islanders,7,-115,-114,-105,+105
8,2023-03-21,Detroit Red Wings,3,St. Louis Blues,2,+115,+135,-135,-143
9,2023-03-21,Arizona Coyotes,1,Winnipeg Jets,2,+205,+265,-255,-295
10,2023-03-21,Seattle Kraken,5,Dallas Stars,4,+135,+145,-160,-162
11,2023-03-21,Calgary Flames,5,Anaheim Ducks,1,-200,-215,+165,+195
12,2023-03-21,Vegas Golden Knights,4,Vancouver Canucks,3,-145,-130,+125,+118
0,2023-03-22,Pittsburgh Penguins,5,Colorado Avalanche,2,+145,+138,-170,-145
1,2023-03-22,Arizona Coyotes,3,Edmonton Oilers,4,+340,+385,-425,-480
